team_id,name,market,alias,founded,mascot,fight_song,championships_won,conference_titles,playoff_appearances,franchise_id,franchise_name,venue_id,venue_name,venue_city,venue_state,venue_country,venue_zip,venue_address,venue_capacity,venue_surface,venue_roof_type,venue_sr_id,location_lat,location_lng,division_id,division_name,division_alias,conference_id,conference_name,conference_alias,coach_id,coach_full_name,coach_first_name,coach_last_name,coach_position,player_id,player_name,player_jersey,player_first_name,player_last_name,player_abbr_name,player_weight,player_height,player_position,player_birth_place,player_status,player_eligibility,player_name_suffix
19775492-f1eb-4bc5-9e15-078ebd689c0f,Crimson Tide,Alabama,ALA,1820,Big Al,Yea Alabama,18,30,8,19775492-f1eb-4bc5-9e15-078ebd689c0f,Crimson Tide,3e133141-8ce3-4e3f-a6c3-72d31f9f1401,Bryant-Denny Stadium,Tuscaloosa,AL,USA,35401,920 Paul West Bryant Drive,101821,turf,outdoor,sr:venue:21438,33.2083,-87.5504,43d3cede-6b8f-4158-bc7f-c3c7365e5b32,I-A,FBS,c7a491c8-d0f2-4ca1-9403-f82db4452dd1,Southeastern,SEC,5c1a8421-6061-4372-b4e5-385c2d8b0dcf,Kalen DeBoer,Kalen,DeBoer,Head Coach,000d8f6e-5a71-4214-9bd9-b33f43502527,Dre Washington,20,Dre,Washington,D.Washington,216,69,RB,"Hemphill, TX, USA",ACT,SR,
19775492-f1eb-4bc5-9e15-078ebd689c0f,Crimson Tide,Alabama,ALA,1820,Big Al,Yea Alabama,18,30,8,19775492-f1eb-4bc5-9e15-078ebd689c0f,Crimson Tide,3e133141-8ce3-4e3f-a6c3-72d31f9f1401,Bryant-Denny Stadium,Tuscaloosa,AL,USA,35401,920 Paul West Bryant Drive,101821,turf,outdoor,sr:venue:21438,33.2083,-87.5504,43d3cede-6b8f-4158-bc7f-c3c7365e5b32,I-A,FBS,c7a491c8-d0f2-4ca1-9403-f82db4452dd1,Southeastern,SEC,5c1a8421-6061-4372-b4e5-385c2d8b0dcf,Kalen DeBoer,Kalen,DeBoer,Head Coach,007a8470-9c41-11ed-9b81-9b68194c9dc2,Kadyn Proctor,74,Kadyn,Proctor,K.Proctor,366,79,OL,"Des Moines, IA, USA",ACT,JR,
19775492-f1eb-4bc5-9e15-078ebd689c0f,Crimson Tide,Alabama,ALA,1820,Big Al,Yea Alabama,18,30,8,19775492-f1eb-4bc5-9e15-078ebd689c0f,Crimson Tide,3e133141-8ce3-4e3f-a6c3-72d31f9f1401,Bryant-Denny Stadium,Tuscaloosa,AL,USA,35401,920 Paul West Bryant Drive,101821,turf,outdoor,sr:venue:21438,33.2083,-87.5504,43d3cede-6b8f-4158-bc7f-c3c7365e5b32,I-A,FBS,c7a491c8-d0f2-4ca1-9403-f82db4452dd1,Southeastern,SEC,5c1a8421-6061-4372-b4e5-385c2d8b0dcf,Kalen DeBoer,Kalen,DeBoer,Head Coach,02ab5fa0-077f-11ed-8214-251cd78b157c,Cade Carruth,16,Cade,Carruth,C.Carruth,215,73,QB,"Trussville, AL, USA",ACT,SR,
19775492-f1eb-4bc5-9e15-078ebd689c0f,Crimson Tide,Alabama,ALA,1820,Big Al,Yea Alabama,18,30,8,19775492-f1eb-4bc5-9e15-078ebd689c0f,Crimson Tide,3e133141-8ce3-4e3f-a6c3-72d31f9f1401,Bryant-Denny Stadium,Tuscaloosa,AL,USA,35401,920 Paul West Bryant Drive,101821,turf,outdoor,sr:venue:21438,33.2083,-87.5504,43d3cede-6b8f-4158-bc7f-c3c7365e5b32,I-A,FBS,c7a491c8-d0f2-4ca1-9403-f82db4452dd1,Southeastern,SEC,5c1a8421-6061-4372-b4e5-385c2d8b0dcf,Kalen DeBoer,Kalen,DeBoer,Head Coach,03cb69b0-391e-11f0-bcb3-95dd0851e477,Jamison Travis,58,Jamison,Travis,J.Travis,305,74,OL,"Hoover, AL, USA",ACT,FR,
19775492-f1eb-4bc5-9e15-078ebd689c0f,Crimson Tide,Alabama,ALA,1820,Big Al,Yea Alabama,18,30,8,19775492-f1eb-4bc5-9e15-078ebd689c0f,Crimson Tide,3e133141-8ce3-4e3f-a6c3-72d31f9f1401,Bryant-Denny Stadium,Tuscaloosa,AL,USA,35401,920 Paul West Bryant Drive,101821,turf,outdoor,sr:venue:21438,33.2083,-87.5504,43d3cede-6b8f-4158-bc7f-c3c7365e5b32,I-A,FBS,c7a491c8-d0f2-4ca1-9403-f82db4452dd1,Southeastern,SEC,5c1a8421-6061-4372-b4e5-385c2d8b0dcf,Kalen DeBoer,Kalen,DeBoer,Head Coach,04de02a0-9c62-11ed-833d-cd3ec90dc1db,Richard Young,9,Richard,Young,R.Young,212,71,RB,"Lehigh Acres, FL, USA",ACT,SO,
19775492-f1eb-4bc5-9e15-078ebd689c0f,Crimson Tide,Alabama,ALA,1820,Big Al,Yea Alabama,18,30,8,19775492-f1eb-4bc5-9e15-078ebd689c0f,Crimson Tide,3e133141-8ce3-4e3f-a6c3-72d31f9f1401,Bryant-Denny Stadium,Tuscaloosa,AL,USA,35401,920 Paul West Bryant Drive,101821,turf,outdoor,sr:venue:21438,33.2083,-87.5504,43d3cede-6b8f-4158-bc7f-c3c7365e5b32,I-A,FBS,c7a491c8-d0f2-4ca1-9403-f82db4452dd1,Southeastern,SEC,5c1a8421-6061-4372-b4e5-385c2d8b0dcf,Kalen DeBoer,Kalen,DeBoer,Head Coach,085a8ba0-f5b9-11ed-87d2-9d6189800720,Austin Mack,10,Austin,Mack,A.Mack,235,78,QB,"Loomis, CA, USA",ACT,SO,
19775492-f1eb-4bc5-9e15-078ebd689c0f,Crimson Tide,Alabama,ALA,1820,Big Al,Yea Alabama,18,30,8,19775492-f1eb-4bc5-9e15-078ebd689c0f,Crimson Tide,3e133141-8ce3-4e3f-a6c3-72d31f9f1401,Bryant-Denny Stadium,Tuscaloosa,AL,USA,35401,920 Paul West Bryant Drive,101821,turf,outdoor,sr:venue:21438,33.2083,-87.5504,43d3cede-6b8f-4158-bc7f-c3c7365e5b32,I-A,FBS,c7a491c8-d0f2-4ca1-9403-f82db4452dd1,Southeastern,SEC,5c1a8421-6061-4372-b4e5-385c2d8b0dcf,Kalen DeBoer,Kalen,DeBoer,Head Coach,09b25960-535a-11ef-9e27-6f1ad5865031,Wade Estess,67,Wade,Estess,W.Estess,315,75,OL,"Madison, MS, USA",ACT,SO,
19775492-f1eb-4bc5-9e15-078ebd689c0f,Crimson Tide,Alabama,ALA,1820,Big Al,Yea Alabama,18,30,8,19775492-f1eb-4bc5-9e15-078ebd689c0f,Crimson Tide,3e133141-8ce3-4e3f-a6c3-72d31f9f1401,Bryant-Denny Stadium,Tuscaloosa,AL,USA,35401,920 Paul West Bryant Drive,101821,turf,outdoor,sr:venue:21438,33.2083,-87.5504,43d3cede-6b8f-4158-bc7f-c3c7365e5b32,I-A,FBS,c7a491c8-d0f2-4ca1-9403-f82db4452dd1,Southeastern,SEC,5c1a8421-6061-4372-b4e5-385c2d8b0dcf,Kalen DeBoer,Kalen,DeBoer,Head Coach,0ad756f0-afff-11ee-8afe-79eb599093df,Zavier Mincey,12,Zavier,Mincey,Z.Mincey,205,75,DB,"Daytona Beach, FL, USA",ACT,SO,
19775492-f1eb-4bc5-9e15-078ebd689c0f,Crimson Tide,Alabama,ALA,1820,Big Al,Yea Alabama,18,30,8,19775492-f1eb-4bc5-9e15-078ebd689c0f,Crimson Tide,3e133141-8ce3-4e3f-a6c3-72d31f9f1401,Bryant-Denny Stadium,Tuscaloosa,AL,USA,35401,920 Paul West Bryant Drive,101821,turf,outdoor,sr:venue:21438,33.2083,-87.5504,43d3cede-6b8f-4158-bc7f-c3c7365e5b32,I-A,FBS,c7a491c8-d0f2-4ca1-9403-f82db4452dd1,Southeastern,SEC,5c1a8421-6061-4372-b4e5-385c2d8b0dcf,Kalen DeBoer,Kalen,DeBoer,Head Coach,0d26a580-affc-11ee-8afe-79eb599093df,Dre Kirkpatrick Jr.,21,Dre,Kirkpatrick,D.Kirkpatrick,202,71,DB,"Gadsden, AL, USA",ACT,SO,Jr.
19775492-f1eb-4bc5-9e15-078ebd689c0f,Crimson Tide,Alabama,ALA,1820,Big Al,Yea Alabama,18,30,8,19775492-f1eb-4bc5-9e15-078ebd689c0f,Crimson Tide,3e133141-8ce3-4e3f-a6c3-72d31f9f1401,Bryant-Denny Stadium,Tuscaloosa,AL,USA,35401,920 Paul West Bryant Drive,101821,turf,outdoor,sr:venue:21438,33.2083,-87.5504,43d3cede-6b8f-4158-bc7f-c3c7365e5b32,I-A,FBS,c7a491c8-d0f2-4ca1-9403-f82db4452dd1,Southeastern,SEC,5c1a8421-6061-4372-b4e5-385c2d8b0dcf,Kalen DeBoer,Kalen,DeBoer,Head Coach,0d8115d7-89c8-41b7-9f44-7b8dcdd405e8,Jaeden Roberts,77,Jaeden,Roberts,J.Roberts,327,77,OL,"Houston, TX, USA",ACT,SR,
19775492-f1eb-4bc5-9e15-078ebd689c0f,Crimson Tide,Alabama,ALA,1820,Big Al,Yea Alabama,18,30,8,19775492-f1eb-4bc5-9e15-078ebd689c0f,Crimson Tide,3e133141-8ce3-4e3f-a6c3-72d31f9f1401,Bryant-Denny Stadium,Tuscaloosa,AL,USA,35401,920 Paul West Bryant Drive,101821,turf,outdoor,sr:venue:21438,33.2083,-87.5504,43d3cede-6b8f-4158-bc7f-c3c7365e5b32,I-A,FBS,c7a491c8-d0f2-4ca1-9403-f82db4452dd1,Southeastern,SEC,5c1a8421-6061-4372-b4e5-385c2d8b0dcf,Kalen DeBoer,Kalen,DeBoer,Head Coach,0db88c00-0780-11ed-8214-251cd78b157c,Michael Lorino III,27,Michael,Lorino,M.Lorino,190,72,RB,"Birmingham, AL, USA",ACT,SR,III
19775492-f1eb-4bc5-9e15-078ebd689c0f,Crimson Tide,Alabama,ALA,1820,Big Al,Yea Alabama,18,30,8,19775492-f1eb-4bc5-9e15-078ebd689c0f,Crimson Tide,3e133141-8ce3-4e3f-a6c3-72d31f9f1401,Bryant-Denny Stadium,Tuscaloosa,AL,USA,35401,920 Paul West Bryant Drive,101821,turf,outdoor,sr:venue:21438,33.2083,-87.5504,43d3cede-6b8f-4158-bc7f-c3c7365e5b32,I-A,FBS,c7a491c8-d0f2-4ca1-9403-f82db4452dd1,Southeastern,SEC,5c1a8421-6061-4372-b4e5-385c2d8b0dcf,Kalen DeBoer,Kalen,DeBoer,Head Coach,0e57b830-391d-11f0-9540-4da0de0aecc7,Derek Meadows,30,Derek,Meadows,D.Meadows,212,77,WR,"Las Vegas, NV, USA",ACT,FR,
19775492-f1eb-4bc5-9e15-078ebd689c0f,Crimson Tide,Alabama,ALA,1820,Big Al,Yea Alabama,18,30,8,19775492-f1eb-4bc5-9e15-078ebd689c0f,Crimson Tide,3e133141-8ce3-4e3f-a6c3-72d31f9f1401,Bryant-Denny Stadium,Tuscaloosa,AL,USA,35401,920 Paul West Bryant Drive,101821,turf,outdoor,sr:venue:21438,33.2083,-87.5504,43d3cede-6b8f-4158-bc7f-c3c7365e5b32,I-A,FBS,c7a491c8-d0f2-4ca1-9403-f82db4452dd1,Southeastern,SEC,5c1a8421-6061-4372-b4e5-385c2d8b0dcf,Kalen DeBoer,Kalen,DeBoer,Head Coach,14b56410-affe-11ee-8afe-79eb599093df,Red Morgan,16,Red,Morgan,R.Morgan,185,72,DB,"Phenix City, AL, USA",ACT,SO,
19775492-f1eb-4bc5-9e15-078ebd689c0f,Crimson Tide,Alabama,ALA,1820,Big Al,Yea Alabama,18,30,8,19775492-f1eb-4bc5-9e15-078ebd689c0f,Crimson Tide,3e133141-8ce3-4e3f-a6c3-72d31f9f1401,Bryant-Denny Stadium,Tuscaloosa,AL,USA,35401,920 Paul West Bryant Drive,101821,turf,outdoor,sr:venue:21438,33.2083,-87.5504,43d3cede-6b8f-4158-bc7f-c3c7365e5b32,I-A,FBS,c7a491c8-d0f2-4ca1-9403-f82db4452dd1,Southeastern,SEC,5c1a8421-6061-4372-b4e5-385c2d8b0dcf,Kalen DeBoer,Kalen,DeBoer,Head Coach,176892a0-affd-11ee-8afe-79eb599093df,William Sanders,70,William,Sanders,W.Sanders,308,75,OL,"Brookwood, AL, USA",ACT,FR,
19775492-f1eb-4bc5-9e15-078ebd689c0f,Crimson Tide,Alabama,ALA,1820,Big Al,Yea Alabama,18,30,8,19775492-f1eb-4bc5-9e15-078ebd689c0f,Crimson Tide,3e133141-8ce3-4e3f-a6c3-72d31f9f1401,Bryant-Denny Stadium,Tuscaloosa,AL,USA,35401,920 Paul West Bryant Drive,101821,turf,outdoor,sr:venue:21438,33.2083,-87.5504,43d3cede-6b8f-4158-bc7f-c3c7365e5b32,I-A,FBS,c7a491c8-d0f2-4ca1-9403-f82db4452dd1,Southeastern,SEC,5c1a8421-6061-4372-b4e5-385c2d8b0dcf,Kalen DeBoer,Kalen,DeBoer,Head Coach,1b131bb0-391c-11f0-8c40-9dc49ec3db46,Lotzeir Brooks,17,Lotzeir,Brooks,L.Brooks,191,69,WR,"Millville, NJ, USA",ACT,FR,
19775492-f1eb-4bc5-9e15-078ebd689c0f,Crimson Tide,Alabama,ALA,1820,Big Al,Yea Alabama,18,30,8,19775492-f1eb-4bc5-9e15-078ebd689c0f,Crimson Tide,3e133141-8ce3-4e3f-a6c3-72d31f9f1401,Bryant-Denny Stadium,Tuscaloosa,AL,USA,35401,920 Paul West Bryant Drive,101821,turf,outdoor,sr:venue:21438,33.2083,-87.5504,43d3cede-6b8f-4158-bc7f-c3c7365e5b32,I-A,FBS,c7a491c8-d0f2-4ca1-9403-f82db4452dd1,Southeastern,SEC,5c1a8421-6061-4372-b4e5-385c2d8b0dcf,Kalen DeBoer,Kalen,DeBoer,Head Coach,1b62f915-f878-4568-ba09-6009e7865984,Josh Cuevas,80,Josh,Cuevas,J.Cuevas,256,75,TE,"Los Angeles, CA, USA",ACT,SR,
19775492-f1eb-4bc5-9e15-078ebd689c0f,Crimson Tide,Alabama,ALA,1820,Big Al,Yea Alabama,18,30,8,19775492-f1eb-4bc5-9e15-078ebd689c0f,Crimson Tide,3e133141-8ce3-4e3f-a6c3-72d31f9f1401,Bryant-Denny Stadium,Tuscaloosa,AL,USA,35401,920 Paul West Bryant Drive,101821,turf,outdoor,sr:venue:21438,33.2083,-87.5504,43d3cede-6b8f-4158-bc7f-c3c7365e5b32,I-A,FBS,c7a491c8-d0f2-4ca1-9403-f82db4452dd1,Southeastern,SEC,5c1a8421-6061-4372-b4e5-385c2d8b0dcf,Kalen DeBoer,Kalen,DeBoer,Head Coach,1c4da230-36e3-11ee-9a89-3b8abc909f3c,Davis Peterson,62,Davis,Peterson,D.Peterson,285,73,OL,"Birmingham, AL, USA",ACT,JR,
19775492-f1eb-4bc5-9e15-078ebd689c0f,Crimson Tide,Alabama,ALA,1820,Big Al,Yea Alabama,18,30,8,19775492-f1eb-4bc5-9e15-078ebd689c0f,Crimson Tide,3e133141-8ce3-4e3f-a6c3-72d31f9f1401,Bryant-Denny Stadium,Tuscaloosa,AL,USA,35401,920 Paul West Bryant Drive,101821,turf,outdoor,sr:venue:21438,33.2083,-87.5504,43d3cede-6b8f-4158-bc7f-c3c7365e5b32,I-A,FBS,c7a491c8-d0f2-4ca1-9403-f82db4452dd1,Southeastern,SEC,5c1a8421-6061-4372-b4e5-385c2d8b0dcf,Kalen DeBoer,Kalen,DeBoer,Head Coach,21ba3570-731e-11f0-8b52-97d1e7cd439a,Peter Notaro,37,Peter,Notaro,P.Notaro,188,71,K,"Wexford, PA, USA",ACT,FR,
19775492-f1eb-4bc5-9e15-078ebd689c0f,Crimson Tide,Alabama,ALA,1820,Big Al,Yea Alabama,18,30,8,19775492-f1eb-4bc5-9e15-078ebd689c0f,Crimson Tide,3e133141-8ce3-4e3f-a6c3-72d31f9f1401,Bryant-Denny Stadium,Tuscaloosa,AL,USA,35401,920 Paul West Bryant Drive,101821,turf,outdoor,sr:venue:21438,33.2083,-87.5504,43d3cede-6b8f-4158-bc7f-c3c7365e5b32,I-A,FBS,c7a491c8-d0f2-4ca1-9403-f82db4452dd1,Southeastern,SEC,5c1a8421-6061-4372-b4e5-385c2d8b0dcf,Kalen DeBoer,Kalen,DeBoer,Head Coach,27f34ba0-3923-11f0-81e1-07aeaa983063,Fatutoa Henry,14,Fatutoa,Henry,F.Henry,268,76,DL,"Lawndale, CA, USA",ACT,JR,
19775492-f1eb-4bc5-9e15-078ebd689c0f,Crimson Tide,Alabama,ALA,1820,Big Al,Yea Alabama,18,30,8,19775492-f1eb-4bc5-9e15-078ebd689c0f,Crimson Tide,3e133141-8ce3-4e3f-a6c3-72d31f9f1401,Bryant-Denny Stadium,Tuscaloosa,AL,USA,35401,920 Paul West Bryant Drive,101821,turf,outdoor,sr:venue:21438,33.2083,-87.5504,43d3cede-6b8f-4158-bc7f-c3c7365e5b32,I-A,FBS,c7a491c8-d0f2-4ca1-9403-f82db4452dd1,Southeastern,SEC,5c1a8421-6061-4372-b4e5-385c2d8b0dcf,Kalen DeBoer,Kalen,DeBoer,Head Coach,2868ac70-9c62-11ed-833d-cd3ec90dc1db,Conor Talty,31,Conor,Talty,C.Talty,195,73,K,"Chicago, IL, USA",ACT,SO,
19775492-f1eb-4bc5-9e15-078ebd689c0f,Crimson Tide,Alabama,ALA,1820,Big Al,Yea Alabama,18,30,8,19775492-f1eb-4bc5-9e15-078ebd689c0f,Crimson Tide,3e133141-8ce3-4e3f-a6c3-72d31f9f1401,Bryant-Denny Stadium,Tuscaloosa,AL,USA,35401,920 Paul West Bryant Drive,101821,turf,outdoor,sr:venue:21438,33.2083,-87.5504,43d3cede-6b8f-4158-bc7f-c3c7365e5b32,I-A,FBS,c7a491c8-d0f2-4ca1-9403-f82db4452dd1,Southeastern,SEC,5c1a8421-6061-4372-b4e5-385c2d8b0dcf,Kalen DeBoer,Kalen,DeBoer,Head Coach,28c836b0-36e3-11ee-9a89-3b8abc909f3c,Mac Smith,53,Mac,Smith,M.Smith,285,75,OL,"Birmingham, AL, USA",ACT,JR,
19775492-f1eb-4bc5-9e15-078ebd689c0f,Crimson Tide,Alabama,ALA,1820,Big Al,Yea Alabama,18,30,8,19775492-f1eb-4bc5-9e15-078ebd689c0f,Crimson Tide,3e133141-8ce3-4e3f-a6c3-72d31f9f1401,Bryant-Denny Stadium,Tuscaloosa,AL,USA,35401,920 Paul West Bryant Drive,101821,turf,outdoor,sr:venue:21438,33.2083,-87.5504,43d3cede-6b8f-4158-bc7f-c3c7365e5b32,I-A,FBS,c7a491c8-d0f2-4ca1-9403-f82db4452dd1,Southeastern,SEC,5c1a8421-6061-4372-b4e5-385c2d8b0dcf,Kalen DeBoer,Kalen,DeBoer,Head Coach,29eee3c0-36e0-11ee-9a89-3b8abc909f3c,Walter Sansing III,27,Walter,Sansing,W.Sansing,180,70,DB,"Homewood, AL, USA",ACT,JR,III
19775492-f1eb-4bc5-9e15-078ebd689c0f,Crimson Tide,Alabama,ALA,1820,Big Al,Yea Alabama,18,30,8,19775492-f1eb-4bc5-9e15-078ebd689c0f,Crimson Tide,3e133141-8ce3-4e3f-a6c3-72d31f9f1401,Bryant-Denny Stadium,Tuscaloosa,AL,USA,35401,920 Paul West Bryant Drive,101821,turf,outdoor,sr:venue:21438,33.2083,-87.5504,43d3cede-6b8f-4158-bc7f-c3c7365e5b32,I-A,FBS,c7a491c8-d0f2-4ca1-9403-f82db4452dd1,Southeastern,SEC,5c1a8421-6061-4372-b4e5-385c2d8b0dcf,Kalen DeBoer,Kalen,DeBoer,Head Coach,2b20b540-affb-11ee-a0bf-3bc996cbde5b,QB Reese,36,QB,Reese,Q.Reese,224,72,LB,"Birmingham, AL, USA",ACT,FR,
19775492-f1eb-4bc5-9e15-078ebd689c0f,Crimson Tide,Alabama,ALA,1820,Big Al,Yea Alabama,18,30,8,19775492-f1eb-4bc5-9e15-078ebd689c0f,Crimson Tide,3e133141-8ce3-4e3f-a6c3-72d31f9f1401,Bryant-Denny Stadium,Tuscaloosa,AL,USA,35401,920 Paul West Bryant Drive,101821,turf,outdoor,sr:venue:21438,33.2083,-87.5504,43d3cede-6b8f-4158-bc7f-c3c7365e5b32,I-A,FBS,c7a491c8-d0f2-4ca1-9403-f82db4452dd1,Southeastern,SEC,5c1a8421-6061-4372-b4e5-385c2d8b0dcf,Kalen DeBoer,Kalen,DeBoer,Head Coach,2b4afbc0-391b-11f0-9dc0-2b8a81ff14ed,Dijon Lee Jr.,5,Dijon,Lee,D.Lee,202,76,DB,"Carson, CA, USA",ACT,FR,Jr.
19775492-f1eb-4bc5-9e15-078ebd689c0f,Crimson Tide,Alabama,ALA,1820,Big Al,Yea Alabama,18,30,8,19775492-f1eb-4bc5-9e15-078ebd689c0f,Crimson Tide,3e133141-8ce3-4e3f-a6c3-72d31f9f1401,Bryant-Denny Stadium,Tuscaloosa,AL,USA,35401,920 Paul West Bryant Drive,101821,turf,outdoor,sr:venue:21438,33.2083,-87.5504,43d3cede-6b8f-4158-bc7f-c3c7365e5b32,I-A,FBS,c7a491c8-d0f2-4ca1-9403-f82db4452dd1,Southeastern,SEC,5c1a8421-6061-4372-b4e5-385c2d8b0dcf,Kalen DeBoer,Kalen,DeBoer,Head Coach,2c2dda50-391e-11f0-a776-c9187c82f352,Michael Carroll,64,Michael,Carroll,M.Carroll,321,78,OL,"Doylestown, PA, USA",ACT,FR,
19775492-f1eb-4bc5-9e15-078ebd689c0f,Crimson Tide,Alabama,ALA,1820,Big Al,Yea Alabama,18,30,8,19775492-f1eb-4bc5-9e15-078ebd689c0f,Crimson Tide,3e133141-8ce3-4e3f-a6c3-72d31f9f1401,Bryant-Denny Stadium,Tuscaloosa,AL,USA,35401,920 Paul West Bryant Drive,101821,turf,outdoor,sr:venue:21438,33.2083,-87.5504,43d3cede-6b8f-4158-bc7f-c3c7365e5b32,I-A,FBS,c7a491c8-d0f2-4ca1-9403-f82db4452dd1,Southeastern,SEC,5c1a8421-6061-4372-b4e5-385c2d8b0dcf,Kalen DeBoer,Kalen,DeBoer,Head Coach,2e85ff00-3c39-11ee-8dc3-4574aa48fa2e,Arkel Anugwom,76,Arkel,Anugwom,A.Anugwom,328,78,OL,"Antioch, TN, USA",ACT,SO,
19775492-f1eb-4bc5-9e15-078ebd689c0f,Crimson Tide,Alabama,ALA,1820,Big Al,Yea Alabama,18,30,8,19775492-f1eb-4bc5-9e15-078ebd689c0f,Crimson Tide,3e133141-8ce3-4e3f-a6c3-72d31f9f1401,Bryant-Denny Stadium,Tuscaloosa,AL,USA,35401,920 Paul West Bryant Drive,101821,turf,outdoor,sr:venue:21438,33.2083,-87.5504,43d3cede-6b8f-4158-bc7f-c3c7365e5b32,I-A,FBS,c7a491c8-d0f2-4ca1-9403-f82db4452dd1,Southeastern,SEC,5c1a8421-6061-4372-b4e5-385c2d8b0dcf,Kalen DeBoer,Kalen,DeBoer,Head Coach,2fdf97e0-9c51-11ed-9b81-9b68194c9dc2,Qua Russaw,4,Qua,Russaw,Q.Russaw,243,74,LB,"Montgomery, AL, USA",ACT,SO,
19775492-f1eb-4bc5-9e15-078ebd689c0f,Crimson Tide,Alabama,ALA,1820,Big Al,Yea Alabama,18,30,8,19775492-f1eb-4bc5-9e15-078ebd689c0f,Crimson Tide,3e133141-8ce3-4e3f-a6c3-72d31f9f1401,Bryant-Denny Stadium,Tuscaloosa,AL,USA,35401,920 Paul West Bryant Drive,101821,turf,outdoor,sr:venue:21438,33.2083,-87.5504,43d3cede-6b8f-4158-bc7f-c3c7365e5b32,I-A,FBS,c7a491c8-d0f2-4ca1-9403-f82db4452dd1,Southeastern,SEC,5c1a8421-6061-4372-b4e5-385c2d8b0dcf,Kalen DeBoer,Kalen,DeBoer,Head Coach,3087fff0-affd-11ee-8afe-79eb599093df,Aeryn Hampton,6,Aeryn,Hampton,A.Hampton,195,70,WR,"Daingerfield, TX, USA",ACT,FR,
19775492-f1eb-4bc5-9e15-078ebd689c0f,Crimson Tide,Alabama,ALA,1820,Big Al,Yea Alabama,18,30,8,19775492-f1eb-4bc5-9e15-078ebd689c0f,Crimson Tide,3e133141-8ce3-4e3f-a6c3-72d31f9f1401,Bryant-Denny Stadium,Tuscaloosa,AL,USA,35401,920 Paul West Bryant Drive,101821,turf,outdoor,sr:venue:21438,33.2083,-87.5504,43d3cede-6b8f-4158-bc7f-c3c7365e5b32,I-A,FBS,c7a491c8-d0f2-4ca1-9403-f82db4452dd1,Southeastern,SEC,5c1a8421-6061-4372-b4e5-385c2d8b0dcf,Kalen DeBoer,Kalen,DeBoer,Head Coach,356e9620-36e3-11ee-9a89-3b8abc909f3c,Baker Hickman,66,Baker,Hickman,B.Hickman,340,75,OL,"Tuscaloosa, AL, USA",ACT,JR,
19775492-f1eb-4bc5-9e15-078ebd689c0f,Crimson Tide,Alabama,ALA,1820,Big Al,Yea Alabama,18,30,8,19775492-f1eb-4bc5-9e15-078ebd689c0f,Crimson Tide,3e133141-8ce3-4e3f-a6c3-72d31f9f1401,Bryant-Denny Stadium,Tuscaloosa,AL,USA,35401,920 Paul West Bryant Drive,101821,turf,outdoor,sr:venue:21438,33.2083,-87.5504,43d3cede-6b8f-4158-bc7f-c3c7365e5b32,I-A,FBS,c7a491c8-d0f2-4ca1-9403-f82db4452dd1,Southeastern,SEC,5c1a8421-6061-4372-b4e5-385c2d8b0dcf,Kalen DeBoer,Kalen,DeBoer,Head Coach,3856a4f0-5356-11ef-9fe2-2748a15e11d6,John Cooper,19,John,Cooper,J.Cooper,195,74,QB,"Mountain Brook, AL, USA",ACT,SO,
19775492-f1eb-4bc5-9e15-078ebd689c0f,Crimson Tide,Alabama,ALA,1820,Big Al,Yea Alabama,18,30,8,19775492-f1eb-4bc5-9e15-078ebd689c0f,Crimson Tide,3e133141-8ce3-4e3f-a6c3-72d31f9f1401,Bryant-Denny Stadium,Tuscaloosa,AL,USA,35401,920 Paul West Bryant Drive,101821,turf,outdoor,sr:venue:21438,33.2083,-87.5504,43d3cede-6b8f-4158-bc7f-c3c7365e5b32,I-A,FBS,c7a491c8-d0f2-4ca1-9403-f82db4452dd1,Southeastern,SEC,5c1a8421-6061-4372-b4e5-385c2d8b0dcf,Kalen DeBoer,Kalen,DeBoer,Head Coach,388ab110-731b-11f0-8b52-97d1e7cd439a,John Gazzaniga,13,John,Gazzaniga,J.Gazzaniga,252,79,QB,"Rancho Santa Margarita, CA, USA",ACT,FR,
19775492-f1eb-4bc5-9e15-078ebd689c0f,Crimson Tide,Alabama,ALA,1820,Big Al,Yea Alabama,18,30,8,19775492-f1eb-4bc5-9e15-078ebd689c0f,Crimson Tide,3e133141-8ce3-4e3f-a6c3-72d31f9f1401,Bryant-Denny Stadium,Tuscaloosa,AL,USA,35401,920 Paul West Bryant Drive,101821,turf,outdoor,sr:venue:21438,33.2083,-87.5504,43d3cede-6b8f-4158-bc7f-c3c7365e5b32,I-A,FBS,c7a491c8-d0f2-4ca1-9403-f82db4452dd1,Southeastern,SEC,5c1a8421-6061-4372-b4e5-385c2d8b0dcf,Kalen DeBoer,Kalen,DeBoer,Head Coach,390b5cb0-535b-11ef-889c-7bfe276ad151,Anderson Green,95,Anderson,Green,A.Green,205,72,P,"Tuscaloosa, AL, USA",ACT,SO,
19775492-f1eb-4bc5-9e15-078ebd689c0f,Crimson Tide,Alabama,ALA,1820,Big Al,Yea Alabama,18,30,8,19775492-f1eb-4bc5-9e15-078ebd689c0f,Crimson Tide,3e133141-8ce3-4e3f-a6c3-72d31f9f1401,Bryant-Denny Stadium,Tuscaloosa,AL,USA,35401,920 Paul West Bryant Drive,101821,turf,outdoor,sr:venue:21438,33.2083,-87.5504,43d3cede-6b8f-4158-bc7f-c3c7365e5b32,I-A,FBS,c7a491c8-d0f2-4ca1-9403-f82db4452dd1,Southeastern,SEC,5c1a8421-6061-4372-b4e5-385c2d8b0dcf,Kalen DeBoer,Kalen,DeBoer,Head Coach,3bd118fd-85d7-4a7e-a140-afe071c41ee7,DaShawn Jones,7,DaShawn,Jones,D.Jones,190,72,DB,"Baltimore, MD, USA",ACT,SR,
19775492-f1eb-4bc5-9e15-078ebd689c0f,Crimson Tide,Alabama,ALA,1820,Big Al,Yea Alabama,18,30,8,19775492-f1eb-4bc5-9e15-078ebd689c0f,Crimson Tide,3e133141-8ce3-4e3f-a6c3-72d31f9f1401,Bryant-Denny Stadium,Tuscaloosa,AL,USA,35401,920 Paul West Bryant Drive,101821,turf,outdoor,sr:venue:21438,33.2083,-87.5504,43d3cede-6b8f-4158-bc7f-c3c7365e5b32,I-A,FBS,c7a491c8-d0f2-4ca1-9403-f82db4452dd1,Southeastern,SEC,5c1a8421-6061-4372-b4e5-385c2d8b0dcf,Kalen DeBoer,Kalen,DeBoer,Head Coach,406515d0-affc-11ee-8afe-79eb599093df,Steve Mboumoua,25,Steve,Mboumoua,S.Mboumoua,302,76,DL,"Saint Augustin de Desmaures, QC, CAN",ACT,SO,
19775492-f1eb-4bc5-9e15-078ebd689c0f,Crimson Tide,Alabama,ALA,1820,Big Al,Yea Alabama,18,30,8,19775492-f1eb-4bc5-9e15-078ebd689c0f,Crimson Tide,3e133141-8ce3-4e3f-a6c3-72d31f9f1401,Bryant-Denny Stadium,Tuscaloosa,AL,USA,35401,920 Paul West Bryant Drive,101821,turf,outdoor,sr:venue:21438,33.2083,-87.5504,43d3cede-6b8f-4158-bc7f-c3c7365e5b32,I-A,FBS,c7a491c8-d0f2-4ca1-9403-f82db4452dd1,Southeastern,SEC,5c1a8421-6061-4372-b4e5-385c2d8b0dcf,Kalen DeBoer,Kalen,DeBoer,Head Coach,4117a9b0-391d-11f0-bc28-eb0a1e23a0c0,Alex Asparuhov,32,Alex,Asparuhov,A.Asparuhov,200,75,P,"Fresno, CA, USA",ACT,FR,
19775492-f1eb-4bc5-9e15-078ebd689c0f,Crimson Tide,Alabama,ALA,1820,Big Al,Yea Alabama,18,30,8,19775492-f1eb-4bc5-9e15-078ebd689c0f,Crimson Tide,3e133141-8ce3-4e3f-a6c3-72d31f9f1401,Bryant-Denny Stadium,Tuscaloosa,AL,USA,35401,920 Paul West Bryant Drive,101821,turf,outdoor,sr:venue:21438,33.2083,-87.5504,43d3cede-6b8f-4158-bc7f-c3c7365e5b32,I-A,FBS,c7a491c8-d0f2-4ca1-9403-f82db4452dd1,Southeastern,SEC,5c1a8421-6061-4372-b4e5-385c2d8b0dcf,Kalen DeBoer,Kalen,DeBoer,Head Coach,44e44230-36e3-11ee-9a89-3b8abc909f3c,Billy Roby,68,Billy,Roby,B.Roby,285,71,OL,"Huntsville, AL, USA",ACT,JR,
19775492-f1eb-4bc5-9e15-078ebd689c0f,Crimson Tide,Alabama,ALA,1820,Big Al,Yea Alabama,18,30,8,19775492-f1eb-4bc5-9e15-078ebd689c0f,Crimson Tide,3e133141-8ce3-4e3f-a6c3-72d31f9f1401,Bryant-Denny Stadium,Tuscaloosa,AL,USA,35401,920 Paul West Bryant Drive,101821,turf,outdoor,sr:venue:21438,33.2083,-87.5504,43d3cede-6b8f-4158-bc7f-c3c7365e5b32,I-A,FBS,c7a491c8-d0f2-4ca1-9403-f82db4452dd1,Southeastern,SEC,5c1a8421-6061-4372-b4e5-385c2d8b0dcf,Kalen DeBoer,Kalen,DeBoer,Head Coach,45124990-0783-11ed-b632-85df930e72fa,Peyton Fox,46,Peyton,Fox,P.Fox,250,76,TE,"Pelham, AL, USA",ACT,SR,
19775492-f1eb-4bc5-9e15-078ebd689c0f,Crimson Tide,Alabama,ALA,1820,Big Al,Yea Alabama,18,30,8,19775492-f1eb-4bc5-9e15-078ebd689c0f,Crimson Tide,3e133141-8ce3-4e3f-a6c3-72d31f9f1401,Bryant-Denny Stadium,Tuscaloosa,AL,USA,35401,920 Paul West Bryant Drive,101821,turf,outdoor,sr:venue:21438,33.2083,-87.5504,43d3cede-6b8f-4158-bc7f-c3c7365e5b32,I-A,FBS,c7a491c8-d0f2-4ca1-9403-f82db4452dd1,Southeastern,SEC,5c1a8421-6061-4372-b4e5-385c2d8b0dcf,Kalen DeBoer,Kalen,DeBoer,Head Coach,455fc860-33f9-4716-8b22-eb61ba642fdc,Peter Knudson,86,Peter,Knudson,P.Knudson,246,76,TE,"McCall, ID, USA",ACT,SR,
19775492-f1eb-4bc5-9e15-078ebd689c0f,Crimson Tide,Alabama,ALA,1820,Big Al,Yea Alabama,18,30,8,19775492-f1eb-4bc5-9e15-078ebd689c0f,Crimson Tide,3e133141-8ce3-4e3f-a6c3-72d31f9f1401,Bryant-Denny Stadium,Tuscaloosa,AL,USA,35401,920 Paul West Bryant Drive,101821,turf,outdoor,sr:venue:21438,33.2083,-87.5504,43d3cede-6b8f-4158-bc7f-c3c7365e5b32,I-A,FBS,c7a491c8-d0f2-4ca1-9403-f82db4452dd1,Southeastern,SEC,5c1a8421-6061-4372-b4e5-385c2d8b0dcf,Kalen DeBoer,Kalen,DeBoer,Head Coach,476e86e0-9c61-11ed-833d-cd3ec90dc1db,Cole Adams,7,Cole,Adams,C.Adams,183,70,WR,"Owasso, OK, USA",ACT,SO,
19775492-f1eb-4bc5-9e15-078ebd689c0f,Crimson Tide,Alabama,ALA,1820,Big Al,Yea Alabama,18,30,8,19775492-f1eb-4bc5-9e15-078ebd689c0f,Crimson Tide,3e133141-8ce3-4e3f-a6c3-72d31f9f1401,Bryant-Denny Stadium,Tuscaloosa,AL,USA,35401,920 Paul West Bryant Drive,101821,turf,outdoor,sr:venue:21438,33.2083,-87.5504,43d3cede-6b8f-4158-bc7f-c3c7365e5b32,I-A,FBS,c7a491c8-d0f2-4ca1-9403-f82db4452dd1,Southeastern,SEC,5c1a8421-6061-4372-b4e5-385c2d8b0dcf,Kalen DeBoer,Kalen,DeBoer,Head Coach,47901750-850c-11ec-b446-1b024413db39,Kam Dewberry,71,Kam,Dewberry,K.Dewberry,332,76,OL,"Humble, TX, USA",ACT,SR,
19775492-f1eb-4bc5-9e15-078ebd689c0f,Crimson Tide,Alabama,ALA,1820,Big Al,Yea Alabama,18,30,8,19775492-f1eb-4bc5-9e15-078ebd689c0f,Crimson Tide,3e133141-8ce3-4e3f-a6c3-72d31f9f1401,Bryant-Denny Stadium,Tuscaloosa,AL,USA,35401,920 Paul West Bryant Drive,101821,turf,outdoor,sr:venue:21438,33.2083,-87.5504,43d3cede-6b8f-4158-bc7f-c3c7365e5b32,I-A,FBS,c7a491c8-d0f2-4ca1-9403-f82db4452dd1,Southeastern,SEC,5c1a8421-6061-4372-b4e5-385c2d8b0dcf,Kalen DeBoer,Kalen,DeBoer,Head Coach,489ac820-3922-11f0-83c9-dde0d4d733c9,Grant Johnson,40,Grant,Johnson,G.Johnson,220,72,LB,"Casa Grande, CA, USA",ACT,JR,
19775492-f1eb-4bc5-9e15-078ebd689c0f,Crimson Tide,Alabama,ALA,1820,Big Al,Yea Alabama,18,30,8,19775492-f1eb-4bc5-9e15-078ebd689c0f,Crimson Tide,3e133141-8ce3-4e3f-a6c3-72d31f9f1401,Bryant-Denny Stadium,Tuscaloosa,AL,USA,35401,920 Paul West Bryant Drive,101821,turf,outdoor,sr:venue:21438,33.2083,-87.5504,43d3cede-6b8f-4158-bc7f-c3c7365e5b32,I-A,FBS,c7a491c8-d0f2-4ca1-9403-f82db4452dd1,Southeastern,SEC,5c1a8421-6061-4372-b4e5-385c2d8b0dcf,Kalen DeBoer,Kalen,DeBoer,Head Coach,4c419e20-3924-11f0-b176-27f2213d321d,Blake Doud,38,Blake,Doud,B.Doud,205,77,P,"Parker, CO, USA",ACT,SR,
19775492-f1eb-4bc5-9e15-078ebd689c0f,Crimson Tide,Alabama,ALA,1820,Big Al,Yea Alabama,18,30,8,19775492-f1eb-4bc5-9e15-078ebd689c0f,Crimson Tide,3e133141-8ce3-4e3f-a6c3-72d31f9f1401,Bryant-Denny Stadium,Tuscaloosa,AL,USA,35401,920 Paul West Bryant Drive,101821,turf,outdoor,sr:venue:21438,33.2083,-87.5504,43d3cede-6b8f-4158-bc7f-c3c7365e5b32,I-A,FBS,c7a491c8-d0f2-4ca1-9403-f82db4452dd1,Southeastern,SEC,5c1a8421-6061-4372-b4e5-385c2d8b0dcf,Kalen DeBoer,Kalen,DeBoer,Head Coach,4ce28920-afff-11ee-8afe-79eb599093df,Zabien Brown,2,Zabien,Brown,Z.Brown,192,72,DB,"Santa Ana, CA, USA",ACT,SO,
19775492-f1eb-4bc5-9e15-078ebd689c0f,Crimson Tide,Alabama,ALA,1820,Big Al,Yea Alabama,18,30,8,19775492-f1eb-4bc5-9e15-078ebd689c0f,Crimson Tide,3e133141-8ce3-4e3f-a6c3-72d31f9f1401,Bryant-Denny Stadium,Tuscaloosa,AL,USA,35401,920 Paul West Bryant Drive,101821,turf,outdoor,sr:venue:21438,33.2083,-87.5504,43d3cede-6b8f-4158-bc7f-c3c7365e5b32,I-A,FBS,c7a491c8-d0f2-4ca1-9403-f82db4452dd1,Southeastern,SEC,5c1a8421-6061-4372-b4e5-385c2d8b0dcf,Kalen DeBoer,Kalen,DeBoer,Head Coach,4e3cdf50-89b9-11ec-b4c8-9f80462526e1,Domani Jackson,1,Domani,Jackson,D.Jackson,196,73,DB,"San Diego, CA, USA",ACT,SR,
19775492-f1eb-4bc5-9e15-078ebd689c0f,Crimson Tide,Alabama,ALA,1820,Big Al,Yea Alabama,18,30,8,19775492-f1eb-4bc5-9e15-078ebd689c0f,Crimson Tide,3e133141-8ce3-4e3f-a6c3-72d31f9f1401,Bryant-Denny Stadium,Tuscaloosa,AL,USA,35401,920 Paul West Bryant Drive,101821,turf,outdoor,sr:venue:21438,33.2083,-87.5504,43d3cede-6b8f-4158-bc7f-c3c7365e5b32,I-A,FBS,c7a491c8-d0f2-4ca1-9403-f82db4452dd1,Southeastern,SEC,5c1a8421-6061-4372-b4e5-385c2d8b0dcf,Kalen DeBoer,Kalen,DeBoer,Head Coach,518fe990-535b-11ef-889c-7bfe276ad151,Tucker Cornelius,98,Tucker,Cornelius,T.Cornelius,195,75,K,"Tuscaloosa, AL, USA",ACT,SO,
19775492-f1eb-4bc5-9e15-078ebd689c0f,Crimson Tide,Alabama,ALA,1820,Big Al,Yea Alabama,18,30,8,19775492-f1eb-4bc5-9e15-078ebd689c0f,Crimson Tide,3e133141-8ce3-4e3f-a6c3-72d31f9f1401,Bryant-Denny Stadium,Tuscaloosa,AL,USA,35401,920 Paul West Bryant Drive,101821,turf,outdoor,sr:venue:21438,33.2083,-87.5504,43d3cede-6b8f-4158-bc7f-c3c7365e5b32,I-A,FBS,c7a491c8-d0f2-4ca1-9403-f82db4452dd1,Southeastern,SEC,5c1a8421-6061-4372-b4e5-385c2d8b0dcf,Kalen DeBoer,Kalen,DeBoer,Head Coach,532a6db0-4369-11ed-b941-bbda5cdd5ea0,Peyton Yates,28,Peyton,Yates,P.Yates,190,70,DB,"Eads, TN, USA",ACT,SR,
19775492-f1eb-4bc5-9e15-078ebd689c0f,Crimson Tide,Alabama,ALA,1820,Big Al,Yea Alabama,18,30,8,19775492-f1eb-4bc5-9e15-078ebd689c0f,Crimson Tide,3e133141-8ce3-4e3f-a6c3-72d31f9f1401,Bryant-Denny Stadium,Tuscaloosa,AL,USA,35401,920 Paul West Bryant Drive,101821,turf,outdoor,sr:venue:21438,33.2083,-87.5504,43d3cede-6b8f-4158-bc7f-c3c7365e5b32,I-A,FBS,c7a491c8-d0f2-4ca1-9403-f82db4452dd1,Southeastern,SEC,5c1a8421-6061-4372-b4e5-385c2d8b0dcf,Kalen DeBoer,Kalen,DeBoer,Head Coach,55829fe0-d0eb-11ee-8043-e13f23d5e38a,Jack Sammarco,85,Jack,Sammarco,J.Sammarco,252,77,TE,"Cincinnati, OH, USA",ACT,SO,
19775492-f1eb-4bc5-9e15-078ebd689c0f,Crimson Tide,Alabama,ALA,1820,Big Al,Yea Alabama,18,30,8,19775492-f1eb-4bc5-9e15-078ebd689c0f,Crimson Tide,3e133141-8ce3-4e3f-a6c3-72d31f9f1401,Bryant-Denny Stadium,Tuscaloosa,AL,USA,35401,920 Paul West Bryant Drive,101821,turf,outdoor,sr:venue:21438,33.2083,-87.5504,43d3cede-6b8f-4158-bc7f-c3c7365e5b32,I-A,FBS,c7a491c8-d0f2-4ca1-9403-f82db4452dd1,Southeastern,SEC,5c1a8421-6061-4372-b4e5-385c2d8b0dcf,Kalen DeBoer,Kalen,DeBoer,Head Coach,5bbbc5c0-391e-11f0-a2b2-7b7dc415dd00,Micah DeBose,65,Micah,DeBose,M.DeBose,319,77,OL,"Mobile, AL, USA",ACT,FR,
19775492-f1eb-4bc5-9e15-078ebd689c0f,Crimson Tide,Alabama,ALA,1820,Big Al,Yea Alabama,18,30,8,19775492-f1eb-4bc5-9e15-078ebd689c0f,Crimson Tide,3e133141-8ce3-4e3f-a6c3-72d31f9f1401,Bryant-Denny Stadium,Tuscaloosa,AL,USA,35401,920 Paul West Bryant Drive,101821,turf,outdoor,sr:venue:21438,33.2083,-87.5504,43d3cede-6b8f-4158-bc7f-c3c7365e5b32,I-A,FBS,c7a491c8-d0f2-4ca1-9403-f82db4452dd1,Southeastern,SEC,5c1a8421-6061-4372-b4e5-385c2d8b0dcf,Kalen DeBoer,Kalen,DeBoer,Head Coach,5c66a130-391d-11f0-ad20-bb14e6f25996,Kyle Clayton,33,Kyle,Clayton,K.Clayton,190,72,DB,"Chicago, IL, USA",ACT,FR,
19775492-f1eb-4bc5-9e15-078ebd689c0f,Crimson Tide,Alabama,ALA,1820,Big Al,Yea Alabama,18,30,8,19775492-f1eb-4bc5-9e15-078ebd689c0f,Crimson Tide,3e133141-8ce3-4e3f-a6c3-72d31f9f1401,Bryant-Denny Stadium,Tuscaloosa,AL,USA,35401,920 Paul West Bryant Drive,101821,turf,outdoor,sr:venue:21438,33.2083,-87.5504,43d3cede-6b8f-4158-bc7f-c3c7365e5b32,I-A,FBS,c7a491c8-d0f2-4ca1-9403-f82db4452dd1,Southeastern,SEC,5c1a8421-6061-4372-b4e5-385c2d8b0dcf,Kalen DeBoer,Kalen,DeBoer,Head Coach,5ec367d0-391b-11f0-89ef-c3e7a785eea8,Justin Hill,8,Justin,Hill,J.Hill,242,75,LB,"Cincinnati, OH, USA",ACT,FR,
19775492-f1eb-4bc5-9e15-078ebd689c0f,Crimson Tide,Alabama,ALA,1820,Big Al,Yea Alabama,18,30,8,19775492-f1eb-4bc5-9e15-078ebd689c0f,Crimson Tide,3e133141-8ce3-4e3f-a6c3-72d31f9f1401,Bryant-Denny Stadium,Tuscaloosa,AL,USA,35401,920 Paul West Bryant Drive,101821,turf,outdoor,sr:venue:21438,33.2083,-87.5504,43d3cede-6b8f-4158-bc7f-c3c7365e5b32,I-A,FBS,c7a491c8-d0f2-4ca1-9403-f82db4452dd1,Southeastern,SEC,5c1a8421-6061-4372-b4e5-385c2d8b0dcf,Kalen DeBoer,Kalen,DeBoer,Head Coach,61757b50-cd67-404e-9d09-0e396d748044,Brody Dalton,89,Brody,Dalton,B.Dalton,251,77,TE,"Fyffe, AL, USA",ACT,SR,
19775492-f1eb-4bc5-9e15-078ebd689c0f,Crimson Tide,Alabama,ALA,1820,Big Al,Yea Alabama,18,30,8,19775492-f1eb-4bc5-9e15-078ebd689c0f,Crimson Tide,3e133141-8ce3-4e3f-a6c3-72d31f9f1401,Bryant-Denny Stadium,Tuscaloosa,AL,USA,35401,920 Paul West Bryant Drive,101821,turf,outdoor,sr:venue:21438,33.2083,-87.5504,43d3cede-6b8f-4158-bc7f-c3c7365e5b32,I-A,FBS,c7a491c8-d0f2-4ca1-9403-f82db4452dd1,Southeastern,SEC,5c1a8421-6061-4372-b4e5-385c2d8b0dcf,Kalen DeBoer,Kalen,DeBoer,Head Coach,62acb2c0-5357-11ef-b0eb-072bd9b500f3,Fredrick Moore,29,Fredrick,Moore,F.Moore,175,69,RB,"Cypress, TX, USA",ACT,SO,
19775492-f1eb-4bc5-9e15-078ebd689c0f,Crimson Tide,Alabama,ALA,1820,Big Al,Yea Alabama,18,30,8,19775492-f1eb-4bc5-9e15-078ebd689c0f,Crimson Tide,3e133141-8ce3-4e3f-a6c3-72d31f9f1401,Bryant-Denny Stadium,Tuscaloosa,AL,USA,35401,920 Paul West Bryant Drive,101821,turf,outdoor,sr:venue:21438,33.2083,-87.5504,43d3cede-6b8f-4158-bc7f-c3c7365e5b32,I-A,FBS,c7a491c8-d0f2-4ca1-9403-f82db4452dd1,Southeastern,SEC,5c1a8421-6061-4372-b4e5-385c2d8b0dcf,Kalen DeBoer,Kalen,DeBoer,Head Coach,63ffbaa0-affb-11ee-8afe-79eb599093df,Ryan Williams,2,Ryan,Williams,R.Williams,178,72,WR,"Mobile, AL, USA",ACT,SO,
19775492-f1eb-4bc5-9e15-078ebd689c0f,Crimson Tide,Alabama,ALA,1820,Big Al,Yea Alabama,18,30,8,19775492-f1eb-4bc5-9e15-078ebd689c0f,Crimson Tide,3e133141-8ce3-4e3f-a6c3-72d31f9f1401,Bryant-Denny Stadium,Tuscaloosa,AL,USA,35401,920 Paul West Bryant Drive,101821,turf,outdoor,sr:venue:21438,33.2083,-87.5504,43d3cede-6b8f-4158-bc7f-c3c7365e5b32,I-A,FBS,c7a491c8-d0f2-4ca1-9403-f82db4452dd1,Southeastern,SEC,5c1a8421-6061-4372-b4e5-385c2d8b0dcf,Kalen DeBoer,Kalen,DeBoer,Head Coach,663f9bb0-afff-11ee-8afe-79eb599093df,Jaylen Mbakwe,3,Jaylen,Mbakwe,J.Mbakwe,190,71,WR,"Clay, AL, USA",ACT,SO,
19775492-f1eb-4bc5-9e15-078ebd689c0f,Crimson Tide,Alabama,ALA,1820,Big Al,Yea Alabama,18,30,8,19775492-f1eb-4bc5-9e15-078ebd689c0f,Crimson Tide,3e133141-8ce3-4e3f-a6c3-72d31f9f1401,Bryant-Denny Stadium,Tuscaloosa,AL,USA,35401,920 Paul West Bryant Drive,101821,turf,outdoor,sr:venue:21438,33.2083,-87.5504,43d3cede-6b8f-4158-bc7f-c3c7365e5b32,I-A,FBS,c7a491c8-d0f2-4ca1-9403-f82db4452dd1,Southeastern,SEC,5c1a8421-6061-4372-b4e5-385c2d8b0dcf,Kalen DeBoer,Kalen,DeBoer,Head Coach,664f6470-0784-11ed-bba3-7bad303889da,Alex Rozier,52,Alex,Rozier,A.Rozier,205,76,LS,"Hattiesburg, MS, USA",ACT,SR,
19775492-f1eb-4bc5-9e15-078ebd689c0f,Crimson Tide,Alabama,ALA,1820,Big Al,Yea Alabama,18,30,8,19775492-f1eb-4bc5-9e15-078ebd689c0f,Crimson Tide,3e133141-8ce3-4e3f-a6c3-72d31f9f1401,Bryant-Denny Stadium,Tuscaloosa,AL,USA,35401,920 Paul West Bryant Drive,101821,turf,outdoor,sr:venue:21438,33.2083,-87.5504,43d3cede-6b8f-4158-bc7f-c3c7365e5b32,I-A,FBS,c7a491c8-d0f2-4ca1-9403-f82db4452dd1,Southeastern,SEC,5c1a8421-6061-4372-b4e5-385c2d8b0dcf,Kalen DeBoer,Kalen,DeBoer,Head Coach,66a1a302-2709-46b4-bdfd-f546e6658f23,Tim Keenan III,96,Tim,Keenan,T.Keenan,320,74,DL,"Birmingham, AL, USA",ACT,SR,III
19775492-f1eb-4bc5-9e15-078ebd689c0f,Crimson Tide,Alabama,ALA,1820,Big Al,Yea Alabama,18,30,8,19775492-f1eb-4bc5-9e15-078ebd689c0f,Crimson Tide,3e133141-8ce3-4e3f-a6c3-72d31f9f1401,Bryant-Denny Stadium,Tuscaloosa,AL,USA,35401,920 Paul West Bryant Drive,101821,turf,outdoor,sr:venue:21438,33.2083,-87.5504,43d3cede-6b8f-4158-bc7f-c3c7365e5b32,I-A,FBS,c7a491c8-d0f2-4ca1-9403-f82db4452dd1,Southeastern,SEC,5c1a8421-6061-4372-b4e5-385c2d8b0dcf,Kalen DeBoer,Kalen,DeBoer,Head Coach,68062600-0639-11ee-8b85-f9ac01f36138,Kameron Howard,6,Kameron,Howard,K.Howard,195,71,DB,"Clinton, MD, USA",ACT,SO,
19775492-f1eb-4bc5-9e15-078ebd689c0f,Crimson Tide,Alabama,ALA,1820,Big Al,Yea Alabama,18,30,8,19775492-f1eb-4bc5-9e15-078ebd689c0f,Crimson Tide,3e133141-8ce3-4e3f-a6c3-72d31f9f1401,Bryant-Denny Stadium,Tuscaloosa,AL,USA,35401,920 Paul West Bryant Drive,101821,turf,outdoor,sr:venue:21438,33.2083,-87.5504,43d3cede-6b8f-4158-bc7f-c3c7365e5b32,I-A,FBS,c7a491c8-d0f2-4ca1-9403-f82db4452dd1,Southeastern,SEC,5c1a8421-6061-4372-b4e5-385c2d8b0dcf,Kalen DeBoer,Kalen,DeBoer,Head Coach,6bf51fb0-affc-11ee-8afe-79eb599093df,Cayden Jones,30,Cayden,Jones,C.Jones,228,76,LB,"Asheville, NC, USA",ACT,SO,
19775492-f1eb-4bc5-9e15-078ebd689c0f,Crimson Tide,Alabama,ALA,1820,Big Al,Yea Alabama,18,30,8,19775492-f1eb-4bc5-9e15-078ebd689c0f,Crimson Tide,3e133141-8ce3-4e3f-a6c3-72d31f9f1401,Bryant-Denny Stadium,Tuscaloosa,AL,USA,35401,920 Paul West Bryant Drive,101821,turf,outdoor,sr:venue:21438,33.2083,-87.5504,43d3cede-6b8f-4158-bc7f-c3c7365e5b32,I-A,FBS,c7a491c8-d0f2-4ca1-9403-f82db4452dd1,Southeastern,SEC,5c1a8421-6061-4372-b4e5-385c2d8b0dcf,Kalen DeBoer,Kalen,DeBoer,Head Coach,6cffaf10-9c61-11ed-833d-cd3ec90dc1db,Roq Montgomery,55,Roq,Montgomery,R.Montgomery,330,75,OL,"Anniston, AL, USA",ACT,SO,
19775492-f1eb-4bc5-9e15-078ebd689c0f,Crimson Tide,Alabama,ALA,1820,Big Al,Yea Alabama,18,30,8,19775492-f1eb-4bc5-9e15-078ebd689c0f,Crimson Tide,3e133141-8ce3-4e3f-a6c3-72d31f9f1401,Bryant-Denny Stadium,Tuscaloosa,AL,USA,35401,920 Paul West Bryant Drive,101821,turf,outdoor,sr:venue:21438,33.2083,-87.5504,43d3cede-6b8f-4158-bc7f-c3c7365e5b32,I-A,FBS,c7a491c8-d0f2-4ca1-9403-f82db4452dd1,Southeastern,SEC,5c1a8421-6061-4372-b4e5-385c2d8b0dcf,Kalen DeBoer,Kalen,DeBoer,Head Coach,6f5b5479-d8d1-4677-9627-597bf8b22190,Deontae Lawson,0,Deontae,Lawson,D.Lawson,228,74,LB,"Mobile, AL, USA",ACT,SR,
19775492-f1eb-4bc5-9e15-078ebd689c0f,Crimson Tide,Alabama,ALA,1820,Big Al,Yea Alabama,18,30,8,19775492-f1eb-4bc5-9e15-078ebd689c0f,Crimson Tide,3e133141-8ce3-4e3f-a6c3-72d31f9f1401,Bryant-Denny Stadium,Tuscaloosa,AL,USA,35401,920 Paul West Bryant Drive,101821,turf,outdoor,sr:venue:21438,33.2083,-87.5504,43d3cede-6b8f-4158-bc7f-c3c7365e5b32,I-A,FBS,c7a491c8-d0f2-4ca1-9403-f82db4452dd1,Southeastern,SEC,5c1a8421-6061-4372-b4e5-385c2d8b0dcf,Kalen DeBoer,Kalen,DeBoer,Head Coach,72267380-9c51-11ed-9b81-9b68194c9dc2,Jalen Hale,8,Jalen,Hale,J.Hale,197,73,WR,"Longview, TX, USA",ACT,SO,
19775492-f1eb-4bc5-9e15-078ebd689c0f,Crimson Tide,Alabama,ALA,1820,Big Al,Yea Alabama,18,30,8,19775492-f1eb-4bc5-9e15-078ebd689c0f,Crimson Tide,3e133141-8ce3-4e3f-a6c3-72d31f9f1401,Bryant-Denny Stadium,Tuscaloosa,AL,USA,35401,920 Paul West Bryant Drive,101821,turf,outdoor,sr:venue:21438,33.2083,-87.5504,43d3cede-6b8f-4158-bc7f-c3c7365e5b32,I-A,FBS,c7a491c8-d0f2-4ca1-9403-f82db4452dd1,Southeastern,SEC,5c1a8421-6061-4372-b4e5-385c2d8b0dcf,Kalen DeBoer,Kalen,DeBoer,Head Coach,75c45020-36e3-11ee-9a89-3b8abc909f3c,Lane Whisenhunt,82,Lane,Whisenhunt,L.Whisenhunt,225,74,TE,"Vestavia Hills, AL, USA",ACT,JR,
19775492-f1eb-4bc5-9e15-078ebd689c0f,Crimson Tide,Alabama,ALA,1820,Big Al,Yea Alabama,18,30,8,19775492-f1eb-4bc5-9e15-078ebd689c0f,Crimson Tide,3e133141-8ce3-4e3f-a6c3-72d31f9f1401,Bryant-Denny Stadium,Tuscaloosa,AL,USA,35401,920 Paul West Bryant Drive,101821,turf,outdoor,sr:venue:21438,33.2083,-87.5504,43d3cede-6b8f-4158-bc7f-c3c7365e5b32,I-A,FBS,c7a491c8-d0f2-4ca1-9403-f82db4452dd1,Southeastern,SEC,5c1a8421-6061-4372-b4e5-385c2d8b0dcf,Kalen DeBoer,Kalen,DeBoer,Head Coach,76d9e110-9c5f-11ed-833d-cd3ec90dc1db,Edric Hill,94,Edric,Hill,E.Hill,284,75,DL,"Kansas City, MO, USA",ACT,SO,
19775492-f1eb-4bc5-9e15-078ebd689c0f,Crimson Tide,Alabama,ALA,1820,Big Al,Yea Alabama,18,30,8,19775492-f1eb-4bc5-9e15-078ebd689c0f,Crimson Tide,3e133141-8ce3-4e3f-a6c3-72d31f9f1401,Bryant-Denny Stadium,Tuscaloosa,AL,USA,35401,920 Paul West Bryant Drive,101821,turf,outdoor,sr:venue:21438,33.2083,-87.5504,43d3cede-6b8f-4158-bc7f-c3c7365e5b32,I-A,FBS,c7a491c8-d0f2-4ca1-9403-f82db4452dd1,Southeastern,SEC,5c1a8421-6061-4372-b4e5-385c2d8b0dcf,Kalen DeBoer,Kalen,DeBoer,Head Coach,77d9df20-36e2-11ee-9a89-3b8abc909f3c,Kolby Peavy,29,Kolby,Peavy,K.Peavy,190,73,DB,"Monroeville, AL, USA",ACT,JR,
19775492-f1eb-4bc5-9e15-078ebd689c0f,Crimson Tide,Alabama,ALA,1820,Big Al,Yea Alabama,18,30,8,19775492-f1eb-4bc5-9e15-078ebd689c0f,Crimson Tide,3e133141-8ce3-4e3f-a6c3-72d31f9f1401,Bryant-Denny Stadium,Tuscaloosa,AL,USA,35401,920 Paul West Bryant Drive,101821,turf,outdoor,sr:venue:21438,33.2083,-87.5504,43d3cede-6b8f-4158-bc7f-c3c7365e5b32,I-A,FBS,c7a491c8-d0f2-4ca1-9403-f82db4452dd1,Southeastern,SEC,5c1a8421-6061-4372-b4e5-385c2d8b0dcf,Kalen DeBoer,Kalen,DeBoer,Head Coach,79422c20-391d-11f0-89db-19d4cf493dd0,London Hill,34,London,Hill,L.Hill,176,71,DB,"Mobile, AL, USA",ACT,FR,
19775492-f1eb-4bc5-9e15-078ebd689c0f,Crimson Tide,Alabama,ALA,1820,Big Al,Yea Alabama,18,30,8,19775492-f1eb-4bc5-9e15-078ebd689c0f,Crimson Tide,3e133141-8ce3-4e3f-a6c3-72d31f9f1401,Bryant-Denny Stadium,Tuscaloosa,AL,USA,35401,920 Paul West Bryant Drive,101821,turf,outdoor,sr:venue:21438,33.2083,-87.5504,43d3cede-6b8f-4158-bc7f-c3c7365e5b32,I-A,FBS,c7a491c8-d0f2-4ca1-9403-f82db4452dd1,Southeastern,SEC,5c1a8421-6061-4372-b4e5-385c2d8b0dcf,Kalen DeBoer,Kalen,DeBoer,Head Coach,7a03e820-0783-11ed-8f38-efd13022b476,Prince Butler,48,Prince,Butler,P.Butler,205,73,DB,"Alexandria, VA, USA",ACT,SR,
19775492-f1eb-4bc5-9e15-078ebd689c0f,Crimson Tide,Alabama,ALA,1820,Big Al,Yea Alabama,18,30,8,19775492-f1eb-4bc5-9e15-078ebd689c0f,Crimson Tide,3e133141-8ce3-4e3f-a6c3-72d31f9f1401,Bryant-Denny Stadium,Tuscaloosa,AL,USA,35401,920 Paul West Bryant Drive,101821,turf,outdoor,sr:venue:21438,33.2083,-87.5504,43d3cede-6b8f-4158-bc7f-c3c7365e5b32,I-A,FBS,c7a491c8-d0f2-4ca1-9403-f82db4452dd1,Southeastern,SEC,5c1a8421-6061-4372-b4e5-385c2d8b0dcf,Kalen DeBoer,Kalen,DeBoer,Head Coach,7bb0d6e0-7320-11f0-8b52-97d1e7cd439a,Brody McCutcheon,38,Brody,McCutcheon,B.McCutcheon,178,73,DB,"Moody, AL, USA",ACT,FR,
19775492-f1eb-4bc5-9e15-078ebd689c0f,Crimson Tide,Alabama,ALA,1820,Big Al,Yea Alabama,18,30,8,19775492-f1eb-4bc5-9e15-078ebd689c0f,Crimson Tide,3e133141-8ce3-4e3f-a6c3-72d31f9f1401,Bryant-Denny Stadium,Tuscaloosa,AL,USA,35401,920 Paul West Bryant Drive,101821,turf,outdoor,sr:venue:21438,33.2083,-87.5504,43d3cede-6b8f-4158-bc7f-c3c7365e5b32,I-A,FBS,c7a491c8-d0f2-4ca1-9403-f82db4452dd1,Southeastern,SEC,5c1a8421-6061-4372-b4e5-385c2d8b0dcf,Kalen DeBoer,Kalen,DeBoer,Head Coach,7bddbbc0-0784-11ed-bba3-7bad303889da,Vito Perri,53,Vito,Perri,V.Perri,220,72,LB,"Alpharetta, GA, USA",ACT,JR,
19775492-f1eb-4bc5-9e15-078ebd689c0f,Crimson Tide,Alabama,ALA,1820,Big Al,Yea Alabama,18,30,8,19775492-f1eb-4bc5-9e15-078ebd689c0f,Crimson Tide,3e133141-8ce3-4e3f-a6c3-72d31f9f1401,Bryant-Denny Stadium,Tuscaloosa,AL,USA,35401,920 Paul West Bryant Drive,101821,turf,outdoor,sr:venue:21438,33.2083,-87.5504,43d3cede-6b8f-4158-bc7f-c3c7365e5b32,I-A,FBS,c7a491c8-d0f2-4ca1-9403-f82db4452dd1,Southeastern,SEC,5c1a8421-6061-4372-b4e5-385c2d8b0dcf,Kalen DeBoer,Kalen,DeBoer,Head Coach,7dfe8330-36e0-11ee-9a89-3b8abc909f3c,Jake Ivie,39,Jake,Ivie,J.Ivie,200,72,LB,"Alabaster, AL, USA",ACT,JR,
19775492-f1eb-4bc5-9e15-078ebd689c0f,Crimson Tide,Alabama,ALA,1820,Big Al,Yea Alabama,18,30,8,19775492-f1eb-4bc5-9e15-078ebd689c0f,Crimson Tide,3e133141-8ce3-4e3f-a6c3-72d31f9f1401,Bryant-Denny Stadium,Tuscaloosa,AL,USA,35401,920 Paul West Bryant Drive,101821,turf,outdoor,sr:venue:21438,33.2083,-87.5504,43d3cede-6b8f-4158-bc7f-c3c7365e5b32,I-A,FBS,c7a491c8-d0f2-4ca1-9403-f82db4452dd1,Southeastern,SEC,5c1a8421-6061-4372-b4e5-385c2d8b0dcf,Kalen DeBoer,Kalen,DeBoer,Head Coach,7e028be0-731c-11f0-8b52-97d1e7cd439a,Chuck McDonald III,19,Chuck,McDonald,C.McDonald,194,73,DB,"Santa Ana, CA, USA",ACT,FR,III
19775492-f1eb-4bc5-9e15-078ebd689c0f,Crimson Tide,Alabama,ALA,1820,Big Al,Yea Alabama,18,30,8,19775492-f1eb-4bc5-9e15-078ebd689c0f,Crimson Tide,3e133141-8ce3-4e3f-a6c3-72d31f9f1401,Bryant-Denny Stadium,Tuscaloosa,AL,USA,35401,920 Paul West Bryant Drive,101821,turf,outdoor,sr:venue:21438,33.2083,-87.5504,43d3cede-6b8f-4158-bc7f-c3c7365e5b32,I-A,FBS,c7a491c8-d0f2-4ca1-9403-f82db4452dd1,Southeastern,SEC,5c1a8421-6061-4372-b4e5-385c2d8b0dcf,Kalen DeBoer,Kalen,DeBoer,Head Coach,7e20b440-391e-11f0-b2ef-3b9649c20608,Jackson Lloyd,78,Jackson,Lloyd,J.Lloyd,318,79,OL,"Carmel, CA, USA",ACT,FR,
19775492-f1eb-4bc5-9e15-078ebd689c0f,Crimson Tide,Alabama,ALA,1820,Big Al,Yea Alabama,18,30,8,19775492-f1eb-4bc5-9e15-078ebd689c0f,Crimson Tide,3e133141-8ce3-4e3f-a6c3-72d31f9f1401,Bryant-Denny Stadium,Tuscaloosa,AL,USA,35401,920 Paul West Bryant Drive,101821,turf,outdoor,sr:venue:21438,33.2083,-87.5504,43d3cede-6b8f-4158-bc7f-c3c7365e5b32,I-A,FBS,c7a491c8-d0f2-4ca1-9403-f82db4452dd1,Southeastern,SEC,5c1a8421-6061-4372-b4e5-385c2d8b0dcf,Kalen DeBoer,Kalen,DeBoer,Head Coach,825f4fb0-391b-11f0-88ad-1585179e73cf,Keelon Russell,12,Keelon,Russell,K.Russell,194,75,QB,"Duncanville, TX, USA",ACT,FR,
19775492-f1eb-4bc5-9e15-078ebd689c0f,Crimson Tide,Alabama,ALA,1820,Big Al,Yea Alabama,18,30,8,19775492-f1eb-4bc5-9e15-078ebd689c0f,Crimson Tide,3e133141-8ce3-4e3f-a6c3-72d31f9f1401,Bryant-Denny Stadium,Tuscaloosa,AL,USA,35401,920 Paul West Bryant Drive,101821,turf,outdoor,sr:venue:21438,33.2083,-87.5504,43d3cede-6b8f-4158-bc7f-c3c7365e5b32,I-A,FBS,c7a491c8-d0f2-4ca1-9403-f82db4452dd1,Southeastern,SEC,5c1a8421-6061-4372-b4e5-385c2d8b0dcf,Kalen DeBoer,Kalen,DeBoer,Head Coach,84c725c0-affb-11ee-8afe-79eb599093df,Jay Lindsey,88,Jay,Lindsey,J.Lindsey,255,77,TE,"Butler, AL, USA",ACT,FR,
19775492-f1eb-4bc5-9e15-078ebd689c0f,Crimson Tide,Alabama,ALA,1820,Big Al,Yea Alabama,18,30,8,19775492-f1eb-4bc5-9e15-078ebd689c0f,Crimson Tide,3e133141-8ce3-4e3f-a6c3-72d31f9f1401,Bryant-Denny Stadium,Tuscaloosa,AL,USA,35401,920 Paul West Bryant Drive,101821,turf,outdoor,sr:venue:21438,33.2083,-87.5504,43d3cede-6b8f-4158-bc7f-c3c7365e5b32,I-A,FBS,c7a491c8-d0f2-4ca1-9403-f82db4452dd1,Southeastern,SEC,5c1a8421-6061-4372-b4e5-385c2d8b0dcf,Kalen DeBoer,Kalen,DeBoer,Head Coach,85327824-f95c-4c44-a55c-86544f073c85,Jah-Marien Latham,20,Jah-Marien,Latham,J.Latham,262,75,LB,"Reform, AL, USA",ACT,GR,
19775492-f1eb-4bc5-9e15-078ebd689c0f,Crimson Tide,Alabama,ALA,1820,Big Al,Yea Alabama,18,30,8,19775492-f1eb-4bc5-9e15-078ebd689c0f,Crimson Tide,3e133141-8ce3-4e3f-a6c3-72d31f9f1401,Bryant-Denny Stadium,Tuscaloosa,AL,USA,35401,920 Paul West Bryant Drive,101821,turf,outdoor,sr:venue:21438,33.2083,-87.5504,43d3cede-6b8f-4158-bc7f-c3c7365e5b32,I-A,FBS,c7a491c8-d0f2-4ca1-9403-f82db4452dd1,Southeastern,SEC,5c1a8421-6061-4372-b4e5-385c2d8b0dcf,Kalen DeBoer,Kalen,DeBoer,Head Coach,88214750-7322-11f0-8b52-97d1e7cd439a,Kaleb Edwards,81,Kaleb,Edwards,K.Edwards,264,78,TE,"El Dorado Hills, CA, USA",ACT,FR,
19775492-f1eb-4bc5-9e15-078ebd689c0f,Crimson Tide,Alabama,ALA,1820,Big Al,Yea Alabama,18,30,8,19775492-f1eb-4bc5-9e15-078ebd689c0f,Crimson Tide,3e133141-8ce3-4e3f-a6c3-72d31f9f1401,Bryant-Denny Stadium,Tuscaloosa,AL,USA,35401,920 Paul West Bryant Drive,101821,turf,outdoor,sr:venue:21438,33.2083,-87.5504,43d3cede-6b8f-4158-bc7f-c3c7365e5b32,I-A,FBS,c7a491c8-d0f2-4ca1-9403-f82db4452dd1,Southeastern,SEC,5c1a8421-6061-4372-b4e5-385c2d8b0dcf,Kalen DeBoer,Kalen,DeBoer,Head Coach,8a33f940-affe-11ee-8afe-79eb599093df,Casey Poe,50,Casey,Poe,C.Poe,322,76,OL,"Lindale, TX, USA",ACT,FR,
19775492-f1eb-4bc5-9e15-078ebd689c0f,Crimson Tide,Alabama,ALA,1820,Big Al,Yea Alabama,18,30,8,19775492-f1eb-4bc5-9e15-078ebd689c0f,Crimson Tide,3e133141-8ce3-4e3f-a6c3-72d31f9f1401,Bryant-Denny Stadium,Tuscaloosa,AL,USA,35401,920 Paul West Bryant Drive,101821,turf,outdoor,sr:venue:21438,33.2083,-87.5504,43d3cede-6b8f-4158-bc7f-c3c7365e5b32,I-A,FBS,c7a491c8-d0f2-4ca1-9403-f82db4452dd1,Southeastern,SEC,5c1a8421-6061-4372-b4e5-385c2d8b0dcf,Kalen DeBoer,Kalen,DeBoer,Head Coach,8d953790-affc-11ee-8afe-79eb599093df,Joseph Ionata,69,Joseph,Ionata,J.Ionata,306,77,OL,"Clearwater, FL, USA",ACT,FR,
19775492-f1eb-4bc5-9e15-078ebd689c0f,Crimson Tide,Alabama,ALA,1820,Big Al,Yea Alabama,18,30,8,19775492-f1eb-4bc5-9e15-078ebd689c0f,Crimson Tide,3e133141-8ce3-4e3f-a6c3-72d31f9f1401,Bryant-Denny Stadium,Tuscaloosa,AL,USA,35401,920 Paul West Bryant Drive,101821,turf,outdoor,sr:venue:21438,33.2083,-87.5504,43d3cede-6b8f-4158-bc7f-c3c7365e5b32,I-A,FBS,c7a491c8-d0f2-4ca1-9403-f82db4452dd1,Southeastern,SEC,5c1a8421-6061-4372-b4e5-385c2d8b0dcf,Kalen DeBoer,Kalen,DeBoer,Head Coach,8f7c8fa0-5357-11ef-b0eb-072bd9b500f3,Griffin Hanson,32,Griffin,Hanson,G.Hanson,175,70,DB,"Florence, AL, USA",ACT,SO,
19775492-f1eb-4bc5-9e15-078ebd689c0f,Crimson Tide,Alabama,ALA,1820,Big Al,Yea Alabama,18,30,8,19775492-f1eb-4bc5-9e15-078ebd689c0f,Crimson Tide,3e133141-8ce3-4e3f-a6c3-72d31f9f1401,Bryant-Denny Stadium,Tuscaloosa,AL,USA,35401,920 Paul West Bryant Drive,101821,turf,outdoor,sr:venue:21438,33.2083,-87.5504,43d3cede-6b8f-4158-bc7f-c3c7365e5b32,I-A,FBS,c7a491c8-d0f2-4ca1-9403-f82db4452dd1,Southeastern,SEC,5c1a8421-6061-4372-b4e5-385c2d8b0dcf,Kalen DeBoer,Kalen,DeBoer,Head Coach,93445730-4369-11ed-b941-bbda5cdd5ea0,MJ Chirgwin,23,MJ,Chirgwin,M.Chirgwin,190,72,WR,"Huntington Beach, CA, USA",ACT,SR,
19775492-f1eb-4bc5-9e15-078ebd689c0f,Crimson Tide,Alabama,ALA,1820,Big Al,Yea Alabama,18,30,8,19775492-f1eb-4bc5-9e15-078ebd689c0f,Crimson Tide,3e133141-8ce3-4e3f-a6c3-72d31f9f1401,Bryant-Denny Stadium,Tuscaloosa,AL,USA,35401,920 Paul West Bryant Drive,101821,turf,outdoor,sr:venue:21438,33.2083,-87.5504,43d3cede-6b8f-4158-bc7f-c3c7365e5b32,I-A,FBS,c7a491c8-d0f2-4ca1-9403-f82db4452dd1,Southeastern,SEC,5c1a8421-6061-4372-b4e5-385c2d8b0dcf,Kalen DeBoer,Kalen,DeBoer,Head Coach,960dbee0-535a-11ef-9524-95cce82c45c0,JD Martin,54,JD,Martin,J.Martin,260,74,OL,"Pisgah, AL, USA",ACT,SO,
19775492-f1eb-4bc5-9e15-078ebd689c0f,Crimson Tide,Alabama,ALA,1820,Big Al,Yea Alabama,18,30,8,19775492-f1eb-4bc5-9e15-078ebd689c0f,Crimson Tide,3e133141-8ce3-4e3f-a6c3-72d31f9f1401,Bryant-Denny Stadium,Tuscaloosa,AL,USA,35401,920 Paul West Bryant Drive,101821,turf,outdoor,sr:venue:21438,33.2083,-87.5504,43d3cede-6b8f-4158-bc7f-c3c7365e5b32,I-A,FBS,c7a491c8-d0f2-4ca1-9403-f82db4452dd1,Southeastern,SEC,5c1a8421-6061-4372-b4e5-385c2d8b0dcf,Kalen DeBoer,Kalen,DeBoer,Head Coach,977d9530-391d-11f0-afcf-a75ba955f5b2,Abduall Sanders Jr.,35,Abduall,Sanders,A.Sanders,231,74,LB,"Santa Ana, CA, USA",ACT,FR,Jr.
19775492-f1eb-4bc5-9e15-078ebd689c0f,Crimson Tide,Alabama,ALA,1820,Big Al,Yea Alabama,18,30,8,19775492-f1eb-4bc5-9e15-078ebd689c0f,Crimson Tide,3e133141-8ce3-4e3f-a6c3-72d31f9f1401,Bryant-Denny Stadium,Tuscaloosa,AL,USA,35401,920 Paul West Bryant Drive,101821,turf,outdoor,sr:venue:21438,33.2083,-87.5504,43d3cede-6b8f-4158-bc7f-c3c7365e5b32,I-A,FBS,c7a491c8-d0f2-4ca1-9403-f82db4452dd1,Southeastern,SEC,5c1a8421-6061-4372-b4e5-385c2d8b0dcf,Kalen DeBoer,Kalen,DeBoer,Head Coach,99a76e50-183a-11ed-a064-ef8b74c0c167,Isaiah Horton,1,Isaiah,Horton,I.Horton,208,76,WR,"Nashville, TN, USA",ACT,JR,
19775492-f1eb-4bc5-9e15-078ebd689c0f,Crimson Tide,Alabama,ALA,1820,Big Al,Yea Alabama,18,30,8,19775492-f1eb-4bc5-9e15-078ebd689c0f,Crimson Tide,3e133141-8ce3-4e3f-a6c3-72d31f9f1401,Bryant-Denny Stadium,Tuscaloosa,AL,USA,35401,920 Paul West Bryant Drive,101821,turf,outdoor,sr:venue:21438,33.2083,-87.5504,43d3cede-6b8f-4158-bc7f-c3c7365e5b32,I-A,FBS,c7a491c8-d0f2-4ca1-9403-f82db4452dd1,Southeastern,SEC,5c1a8421-6061-4372-b4e5-385c2d8b0dcf,Kalen DeBoer,Kalen,DeBoer,Head Coach,9c6fd370-8e8d-11ec-8d02-85ead82574a9,Danny Lewis Jr.,87,Danny,Lewis,D.Lewis,254,77,TE,"New Iberia, LA, USA",ACT,JR,Jr.
19775492-f1eb-4bc5-9e15-078ebd689c0f,Crimson Tide,Alabama,ALA,1820,Big Al,Yea Alabama,18,30,8,19775492-f1eb-4bc5-9e15-078ebd689c0f,Crimson Tide,3e133141-8ce3-4e3f-a6c3-72d31f9f1401,Bryant-Denny Stadium,Tuscaloosa,AL,USA,35401,920 Paul West Bryant Drive,101821,turf,outdoor,sr:venue:21438,33.2083,-87.5504,43d3cede-6b8f-4158-bc7f-c3c7365e5b32,I-A,FBS,c7a491c8-d0f2-4ca1-9403-f82db4452dd1,Southeastern,SEC,5c1a8421-6061-4372-b4e5-385c2d8b0dcf,Kalen DeBoer,Kalen,DeBoer,Head Coach,9e7e7320-36e2-11ee-9a89-3b8abc909f3c,Conner Warhurst,49,Conner,Warhurst,C.Warhurst,210,74,DB,"Russellville, AL, USA",ACT,JR,
19775492-f1eb-4bc5-9e15-078ebd689c0f,Crimson Tide,Alabama,ALA,1820,Big Al,Yea Alabama,18,30,8,19775492-f1eb-4bc5-9e15-078ebd689c0f,Crimson Tide,3e133141-8ce3-4e3f-a6c3-72d31f9f1401,Bryant-Denny Stadium,Tuscaloosa,AL,USA,35401,920 Paul West Bryant Drive,101821,turf,outdoor,sr:venue:21438,33.2083,-87.5504,43d3cede-6b8f-4158-bc7f-c3c7365e5b32,I-A,FBS,c7a491c8-d0f2-4ca1-9403-f82db4452dd1,Southeastern,SEC,5c1a8421-6061-4372-b4e5-385c2d8b0dcf,Kalen DeBoer,Kalen,DeBoer,Head Coach,a23f12fc-5672-48d3-a852-7b130301c374,Reid Schuback,97,Reid,Schuback,R.Schuback,215,72,K,"Poway, CA, USA",ACT,SR,
19775492-f1eb-4bc5-9e15-078ebd689c0f,Crimson Tide,Alabama,ALA,1820,Big Al,Yea Alabama,18,30,8,19775492-f1eb-4bc5-9e15-078ebd689c0f,Crimson Tide,3e133141-8ce3-4e3f-a6c3-72d31f9f1401,Bryant-Denny Stadium,Tuscaloosa,AL,USA,35401,920 Paul West Bryant Drive,101821,turf,outdoor,sr:venue:21438,33.2083,-87.5504,43d3cede-6b8f-4158-bc7f-c3c7365e5b32,I-A,FBS,c7a491c8-d0f2-4ca1-9403-f82db4452dd1,Southeastern,SEC,5c1a8421-6061-4372-b4e5-385c2d8b0dcf,Kalen DeBoer,Kalen,DeBoer,Head Coach,a5185720-9843-11ed-8a11-c942537cce44,Cam Calhoun,9,Cam,Calhoun,C.Calhoun,180,72,DB,"Cincinnati, OH, USA",ACT,SO,
19775492-f1eb-4bc5-9e15-078ebd689c0f,Crimson Tide,Alabama,ALA,1820,Big Al,Yea Alabama,18,30,8,19775492-f1eb-4bc5-9e15-078ebd689c0f,Crimson Tide,3e133141-8ce3-4e3f-a6c3-72d31f9f1401,Bryant-Denny Stadium,Tuscaloosa,AL,USA,35401,920 Paul West Bryant Drive,101821,turf,outdoor,sr:venue:21438,33.2083,-87.5504,43d3cede-6b8f-4158-bc7f-c3c7365e5b32,I-A,FBS,c7a491c8-d0f2-4ca1-9403-f82db4452dd1,Southeastern,SEC,5c1a8421-6061-4372-b4e5-385c2d8b0dcf,Kalen DeBoer,Kalen,DeBoer,Head Coach,a758edd0-9c60-11ed-833d-cd3ec90dc1db,Justin Jefferson,10,Justin,Jefferson,J.Jefferson,227,73,LB,"Memphis, TN, USA",ACT,SR,
19775492-f1eb-4bc5-9e15-078ebd689c0f,Crimson Tide,Alabama,ALA,1820,Big Al,Yea Alabama,18,30,8,19775492-f1eb-4bc5-9e15-078ebd689c0f,Crimson Tide,3e133141-8ce3-4e3f-a6c3-72d31f9f1401,Bryant-Denny Stadium,Tuscaloosa,AL,USA,35401,920 Paul West Bryant Drive,101821,turf,outdoor,sr:venue:21438,33.2083,-87.5504,43d3cede-6b8f-4158-bc7f-c3c7365e5b32,I-A,FBS,c7a491c8-d0f2-4ca1-9403-f82db4452dd1,Southeastern,SEC,5c1a8421-6061-4372-b4e5-385c2d8b0dcf,Kalen DeBoer,Kalen,DeBoer,Head Coach,a94b9350-5356-11ef-a2a4-eb065be39b67,Noah Carter,24,Noah,Carter,N.Carter,243,76,LB,"Peoria, AZ, USA",ACT,FR,
19775492-f1eb-4bc5-9e15-078ebd689c0f,Crimson Tide,Alabama,ALA,1820,Big Al,Yea Alabama,18,30,8,19775492-f1eb-4bc5-9e15-078ebd689c0f,Crimson Tide,3e133141-8ce3-4e3f-a6c3-72d31f9f1401,Bryant-Denny Stadium,Tuscaloosa,AL,USA,35401,920 Paul West Bryant Drive,101821,turf,outdoor,sr:venue:21438,33.2083,-87.5504,43d3cede-6b8f-4158-bc7f-c3c7365e5b32,I-A,FBS,c7a491c8-d0f2-4ca1-9403-f82db4452dd1,Southeastern,SEC,5c1a8421-6061-4372-b4e5-385c2d8b0dcf,Kalen DeBoer,Kalen,DeBoer,Head Coach,aae8ffc0-affc-11ee-8afe-79eb599093df,Isaia Faga,88,Isaia,Faga,I.Faga,296,74,DL,"Phenix City, AL, USA",ACT,FR,
19775492-f1eb-4bc5-9e15-078ebd689c0f,Crimson Tide,Alabama,ALA,1820,Big Al,Yea Alabama,18,30,8,19775492-f1eb-4bc5-9e15-078ebd689c0f,Crimson Tide,3e133141-8ce3-4e3f-a6c3-72d31f9f1401,Bryant-Denny Stadium,Tuscaloosa,AL,USA,35401,920 Paul West Bryant Drive,101821,turf,outdoor,sr:venue:21438,33.2083,-87.5504,43d3cede-6b8f-4158-bc7f-c3c7365e5b32,I-A,FBS,c7a491c8-d0f2-4ca1-9403-f82db4452dd1,Southeastern,SEC,5c1a8421-6061-4372-b4e5-385c2d8b0dcf,Kalen DeBoer,Kalen,DeBoer,Head Coach,adbf1aa0-9c51-11ed-9b81-9b68194c9dc2,Jordan Renaud,11,Jordan,Renaud,J.Renaud,265,76,DL,"Sarasota, FL, USA",ACT,SO,
19775492-f1eb-4bc5-9e15-078ebd689c0f,Crimson Tide,Alabama,ALA,1820,Big Al,Yea Alabama,18,30,8,19775492-f1eb-4bc5-9e15-078ebd689c0f,Crimson Tide,3e133141-8ce3-4e3f-a6c3-72d31f9f1401,Bryant-Denny Stadium,Tuscaloosa,AL,USA,35401,920 Paul West Bryant Drive,101821,turf,outdoor,sr:venue:21438,33.2083,-87.5504,43d3cede-6b8f-4158-bc7f-c3c7365e5b32,I-A,FBS,c7a491c8-d0f2-4ca1-9403-f82db4452dd1,Southeastern,SEC,5c1a8421-6061-4372-b4e5-385c2d8b0dcf,Kalen DeBoer,Kalen,DeBoer,Head Coach,ae2fa980-8e80-11ec-8d02-85ead82574a9,Parker Brailsford,72,Parker,Brailsford,P.Brailsford,290,74,OL,"Mesa, AZ, USA",ACT,JR,
19775492-f1eb-4bc5-9e15-078ebd689c0f,Crimson Tide,Alabama,ALA,1820,Big Al,Yea Alabama,18,30,8,19775492-f1eb-4bc5-9e15-078ebd689c0f,Crimson Tide,3e133141-8ce3-4e3f-a6c3-72d31f9f1401,Bryant-Denny Stadium,Tuscaloosa,AL,USA,35401,920 Paul West Bryant Drive,101821,turf,outdoor,sr:venue:21438,33.2083,-87.5504,43d3cede-6b8f-4158-bc7f-c3c7365e5b32,I-A,FBS,c7a491c8-d0f2-4ca1-9403-f82db4452dd1,Southeastern,SEC,5c1a8421-6061-4372-b4e5-385c2d8b0dcf,Kalen DeBoer,Kalen,DeBoer,Head Coach,b00c3160-0784-11ed-bba3-7bad303889da,JD Baird,56,JD,Baird,J.Baird,210,68,LB,"Tuscaloosa, AL, USA",ACT,SR,
19775492-f1eb-4bc5-9e15-078ebd689c0f,Crimson Tide,Alabama,ALA,1820,Big Al,Yea Alabama,18,30,8,19775492-f1eb-4bc5-9e15-078ebd689c0f,Crimson Tide,3e133141-8ce3-4e3f-a6c3-72d31f9f1401,Bryant-Denny Stadium,Tuscaloosa,AL,USA,35401,920 Paul West Bryant Drive,101821,turf,outdoor,sr:venue:21438,33.2083,-87.5504,43d3cede-6b8f-4158-bc7f-c3c7365e5b32,I-A,FBS,c7a491c8-d0f2-4ca1-9403-f82db4452dd1,Southeastern,SEC,5c1a8421-6061-4372-b4e5-385c2d8b0dcf,Kalen DeBoer,Kalen,DeBoer,Head Coach,b2b772c0-7320-11f0-8b52-97d1e7cd439a,Ben Jackson,42,Ben,Jackson,B.Jackson,170,74,WR,"Mobile, AL, USA",ACT,FR,
19775492-f1eb-4bc5-9e15-078ebd689c0f,Crimson Tide,Alabama,ALA,1820,Big Al,Yea Alabama,18,30,8,19775492-f1eb-4bc5-9e15-078ebd689c0f,Crimson Tide,3e133141-8ce3-4e3f-a6c3-72d31f9f1401,Bryant-Denny Stadium,Tuscaloosa,AL,USA,35401,920 Paul West Bryant Drive,101821,turf,outdoor,sr:venue:21438,33.2083,-87.5504,43d3cede-6b8f-4158-bc7f-c3c7365e5b32,I-A,FBS,c7a491c8-d0f2-4ca1-9403-f82db4452dd1,Southeastern,SEC,5c1a8421-6061-4372-b4e5-385c2d8b0dcf,Kalen DeBoer,Kalen,DeBoer,Head Coach,b4bb2600-affb-11ee-8afe-79eb599093df,Rico Scott,11,Rico,Scott,R.Scott,196,72,WR,"Harrisburg, PA, USA",ACT,FR,
19775492-f1eb-4bc5-9e15-078ebd689c0f,Crimson Tide,Alabama,ALA,1820,Big Al,Yea Alabama,18,30,8,19775492-f1eb-4bc5-9e15-078ebd689c0f,Crimson Tide,3e133141-8ce3-4e3f-a6c3-72d31f9f1401,Bryant-Denny Stadium,Tuscaloosa,AL,USA,35401,920 Paul West Bryant Drive,101821,turf,outdoor,sr:venue:21438,33.2083,-87.5504,43d3cede-6b8f-4158-bc7f-c3c7365e5b32,I-A,FBS,c7a491c8-d0f2-4ca1-9403-f82db4452dd1,Southeastern,SEC,5c1a8421-6061-4372-b4e5-385c2d8b0dcf,Kalen DeBoer,Kalen,DeBoer,Head Coach,b5552ba0-5358-11ef-9da1-f378f481a836,Jay Williams,46,Jay,Williams,J.Williams,195,72,LS,"Ringgold, GA, USA",ACT,SO,
19775492-f1eb-4bc5-9e15-078ebd689c0f,Crimson Tide,Alabama,ALA,1820,Big Al,Yea Alabama,18,30,8,19775492-f1eb-4bc5-9e15-078ebd689c0f,Crimson Tide,3e133141-8ce3-4e3f-a6c3-72d31f9f1401,Bryant-Denny Stadium,Tuscaloosa,AL,USA,35401,920 Paul West Bryant Drive,101821,turf,outdoor,sr:venue:21438,33.2083,-87.5504,43d3cede-6b8f-4158-bc7f-c3c7365e5b32,I-A,FBS,c7a491c8-d0f2-4ca1-9403-f82db4452dd1,Southeastern,SEC,5c1a8421-6061-4372-b4e5-385c2d8b0dcf,Kalen DeBoer,Kalen,DeBoer,Head Coach,bc3c0c70-affe-11ee-8afe-79eb599093df,Daniel Hill,4,Daniel,Hill,D.Hill,244,73,RB,"Meridian, MS, USA",ACT,SO,
19775492-f1eb-4bc5-9e15-078ebd689c0f,Crimson Tide,Alabama,ALA,1820,Big Al,Yea Alabama,18,30,8,19775492-f1eb-4bc5-9e15-078ebd689c0f,Crimson Tide,3e133141-8ce3-4e3f-a6c3-72d31f9f1401,Bryant-Denny Stadium,Tuscaloosa,AL,USA,35401,920 Paul West Bryant Drive,101821,turf,outdoor,sr:venue:21438,33.2083,-87.5504,43d3cede-6b8f-4158-bc7f-c3c7365e5b32,I-A,FBS,c7a491c8-d0f2-4ca1-9403-f82db4452dd1,Southeastern,SEC,5c1a8421-6061-4372-b4e5-385c2d8b0dcf,Kalen DeBoer,Kalen,DeBoer,Head Coach,c075dd30-391d-11f0-a620-29e945b474cc,Mal Waldrep Jr.,52,Mal,Waldrep,M.Waldrep,324,77,OL,"Seale, AL, USA",ACT,FR,Jr.
19775492-f1eb-4bc5-9e15-078ebd689c0f,Crimson Tide,Alabama,ALA,1820,Big Al,Yea Alabama,18,30,8,19775492-f1eb-4bc5-9e15-078ebd689c0f,Crimson Tide,3e133141-8ce3-4e3f-a6c3-72d31f9f1401,Bryant-Denny Stadium,Tuscaloosa,AL,USA,35401,920 Paul West Bryant Drive,101821,turf,outdoor,sr:venue:21438,33.2083,-87.5504,43d3cede-6b8f-4158-bc7f-c3c7365e5b32,I-A,FBS,c7a491c8-d0f2-4ca1-9403-f82db4452dd1,Southeastern,SEC,5c1a8421-6061-4372-b4e5-385c2d8b0dcf,Kalen DeBoer,Kalen,DeBoer,Head Coach,c08a2280-0780-11ed-85eb-75e0de02a2bc,Jay Loper Jr.,32,Jay,Loper,J.Loper,185,71,WR,"Daphne, AL, USA",ACT,SR,Jr.
19775492-f1eb-4bc5-9e15-078ebd689c0f,Crimson Tide,Alabama,ALA,1820,Big Al,Yea Alabama,18,30,8,19775492-f1eb-4bc5-9e15-078ebd689c0f,Crimson Tide,3e133141-8ce3-4e3f-a6c3-72d31f9f1401,Bryant-Denny Stadium,Tuscaloosa,AL,USA,35401,920 Paul West Bryant Drive,101821,turf,outdoor,sr:venue:21438,33.2083,-87.5504,43d3cede-6b8f-4158-bc7f-c3c7365e5b32,I-A,FBS,c7a491c8-d0f2-4ca1-9403-f82db4452dd1,Southeastern,SEC,5c1a8421-6061-4372-b4e5-385c2d8b0dcf,Kalen DeBoer,Kalen,DeBoer,Head Coach,c27800b0-391b-11f0-9b99-2dd1b26deeea,Ivan Taylor,13,Ivan,Taylor,I.Taylor,194,72,DB,"Winter Garden, FL, USA",ACT,FR,
19775492-f1eb-4bc5-9e15-078ebd689c0f,Crimson Tide,Alabama,ALA,1820,Big Al,Yea Alabama,18,30,8,19775492-f1eb-4bc5-9e15-078ebd689c0f,Crimson Tide,3e133141-8ce3-4e3f-a6c3-72d31f9f1401,Bryant-Denny Stadium,Tuscaloosa,AL,USA,35401,920 Paul West Bryant Drive,101821,turf,outdoor,sr:venue:21438,33.2083,-87.5504,43d3cede-6b8f-4158-bc7f-c3c7365e5b32,I-A,FBS,c7a491c8-d0f2-4ca1-9403-f82db4452dd1,Southeastern,SEC,5c1a8421-6061-4372-b4e5-385c2d8b0dcf,Kalen DeBoer,Kalen,DeBoer,Head Coach,c4afcdd0-9c61-11ed-833d-cd3ec90dc1db,Keon Keeley,31,Keon,Keeley,K.Keeley,282,77,DL,"Tampa, FL, USA",ACT,SO,
19775492-f1eb-4bc5-9e15-078ebd689c0f,Crimson Tide,Alabama,ALA,1820,Big Al,Yea Alabama,18,30,8,19775492-f1eb-4bc5-9e15-078ebd689c0f,Crimson Tide,3e133141-8ce3-4e3f-a6c3-72d31f9f1401,Bryant-Denny Stadium,Tuscaloosa,AL,USA,35401,920 Paul West Bryant Drive,101821,turf,outdoor,sr:venue:21438,33.2083,-87.5504,43d3cede-6b8f-4158-bc7f-c3c7365e5b32,I-A,FBS,c7a491c8-d0f2-4ca1-9403-f82db4452dd1,Southeastern,SEC,5c1a8421-6061-4372-b4e5-385c2d8b0dcf,Kalen DeBoer,Kalen,DeBoer,Head Coach,c4d30320-535a-11ef-9524-95cce82c45c0,Cooper Mollison,31,Cooper,Mollison,C.Mollison,185,70,WR,"Vestavia Hills, AL, USA",ACT,SO,
19775492-f1eb-4bc5-9e15-078ebd689c0f,Crimson Tide,Alabama,ALA,1820,Big Al,Yea Alabama,18,30,8,19775492-f1eb-4bc5-9e15-078ebd689c0f,Crimson Tide,3e133141-8ce3-4e3f-a6c3-72d31f9f1401,Bryant-Denny Stadium,Tuscaloosa,AL,USA,35401,920 Paul West Bryant Drive,101821,turf,outdoor,sr:venue:21438,33.2083,-87.5504,43d3cede-6b8f-4158-bc7f-c3c7365e5b32,I-A,FBS,c7a491c8-d0f2-4ca1-9403-f82db4452dd1,Southeastern,SEC,5c1a8421-6061-4372-b4e5-385c2d8b0dcf,Kalen DeBoer,Kalen,DeBoer,Head Coach,cfa5ea30-391c-11f0-935e-b1f738b678f9,Marshall Pritchett,14,Marshall,Pritchett,M.Pritchett,248,77,TE,"Charleston, SC, USA",ACT,FR,
19775492-f1eb-4bc5-9e15-078ebd689c0f,Crimson Tide,Alabama,ALA,1820,Big Al,Yea Alabama,18,30,8,19775492-f1eb-4bc5-9e15-078ebd689c0f,Crimson Tide,3e133141-8ce3-4e3f-a6c3-72d31f9f1401,Bryant-Denny Stadium,Tuscaloosa,AL,USA,35401,920 Paul West Bryant Drive,101821,turf,outdoor,sr:venue:21438,33.2083,-87.5504,43d3cede-6b8f-4158-bc7f-c3c7365e5b32,I-A,FBS,c7a491c8-d0f2-4ca1-9403-f82db4452dd1,Southeastern,SEC,5c1a8421-6061-4372-b4e5-385c2d8b0dcf,Kalen DeBoer,Kalen,DeBoer,Head Coach,d00d9d20-9c60-11ed-833d-cd3ec90dc1db,Bray Hubbard,18,Bray,Hubbard,B.Hubbard,213,74,DB,"Ocean Springs, MS, USA",ACT,JR,
19775492-f1eb-4bc5-9e15-078ebd689c0f,Crimson Tide,Alabama,ALA,1820,Big Al,Yea Alabama,18,30,8,19775492-f1eb-4bc5-9e15-078ebd689c0f,Crimson Tide,3e133141-8ce3-4e3f-a6c3-72d31f9f1401,Bryant-Denny Stadium,Tuscaloosa,AL,USA,35401,920 Paul West Bryant Drive,101821,turf,outdoor,sr:venue:21438,33.2083,-87.5504,43d3cede-6b8f-4158-bc7f-c3c7365e5b32,I-A,FBS,c7a491c8-d0f2-4ca1-9403-f82db4452dd1,Southeastern,SEC,5c1a8421-6061-4372-b4e5-385c2d8b0dcf,Kalen DeBoer,Kalen,DeBoer,Head Coach,d108cab0-8e8d-11ec-8d02-85ead82574a9,Jam Miller,26,Jam,Miller,J.Miller,221,70,RB,"Tyler, TX, USA",ACT,SR,
19775492-f1eb-4bc5-9e15-078ebd689c0f,Crimson Tide,Alabama,ALA,1820,Big Al,Yea Alabama,18,30,8,19775492-f1eb-4bc5-9e15-078ebd689c0f,Crimson Tide,3e133141-8ce3-4e3f-a6c3-72d31f9f1401,Bryant-Denny Stadium,Tuscaloosa,AL,USA,35401,920 Paul West Bryant Drive,101821,turf,outdoor,sr:venue:21438,33.2083,-87.5504,43d3cede-6b8f-4158-bc7f-c3c7365e5b32,I-A,FBS,c7a491c8-d0f2-4ca1-9403-f82db4452dd1,Southeastern,SEC,5c1a8421-6061-4372-b4e5-385c2d8b0dcf,Kalen DeBoer,Kalen,DeBoer,Head Coach,d150fd50-3173-11ee-bf63-c7c1f56a2f14,David Bird,45,David,Bird,D.Bird,205,72,LS,"Phoenix, AZ, USA",ACT,JR,
19775492-f1eb-4bc5-9e15-078ebd689c0f,Crimson Tide,Alabama,ALA,1820,Big Al,Yea Alabama,18,30,8,19775492-f1eb-4bc5-9e15-078ebd689c0f,Crimson Tide,3e133141-8ce3-4e3f-a6c3-72d31f9f1401,Bryant-Denny Stadium,Tuscaloosa,AL,USA,35401,920 Paul West Bryant Drive,101821,turf,outdoor,sr:venue:21438,33.2083,-87.5504,43d3cede-6b8f-4158-bc7f-c3c7365e5b32,I-A,FBS,c7a491c8-d0f2-4ca1-9403-f82db4452dd1,Southeastern,SEC,5c1a8421-6061-4372-b4e5-385c2d8b0dcf,Kalen DeBoer,Kalen,DeBoer,Head Coach,d81f7d30-7322-11f0-8b52-97d1e7cd439a,London Simmons,90,London,Simmons,L.Simmons,303,75,DL,"Jackson, MS, USA",ACT,FR,
19775492-f1eb-4bc5-9e15-078ebd689c0f,Crimson Tide,Alabama,ALA,1820,Big Al,Yea Alabama,18,30,8,19775492-f1eb-4bc5-9e15-078ebd689c0f,Crimson Tide,3e133141-8ce3-4e3f-a6c3-72d31f9f1401,Bryant-Denny Stadium,Tuscaloosa,AL,USA,35401,920 Paul West Bryant Drive,101821,turf,outdoor,sr:venue:21438,33.2083,-87.5504,43d3cede-6b8f-4158-bc7f-c3c7365e5b32,I-A,FBS,c7a491c8-d0f2-4ca1-9403-f82db4452dd1,Southeastern,SEC,5c1a8421-6061-4372-b4e5-385c2d8b0dcf,Kalen DeBoer,Kalen,DeBoer,Head Coach,dc6c01a0-9c61-11ed-833d-cd3ec90dc1db,Yhonzae Pierre,42,Yhonzae,Pierre,Y.Pierre,248,75,LB,"Eufaula, AL, USA",ACT,SO,
19775492-f1eb-4bc5-9e15-078ebd689c0f,Crimson Tide,Alabama,ALA,1820,Big Al,Yea Alabama,18,30,8,19775492-f1eb-4bc5-9e15-078ebd689c0f,Crimson Tide,3e133141-8ce3-4e3f-a6c3-72d31f9f1401,Bryant-Denny Stadium,Tuscaloosa,AL,USA,35401,920 Paul West Bryant Drive,101821,turf,outdoor,sr:venue:21438,33.2083,-87.5504,43d3cede-6b8f-4158-bc7f-c3c7365e5b32,I-A,FBS,c7a491c8-d0f2-4ca1-9403-f82db4452dd1,Southeastern,SEC,5c1a8421-6061-4372-b4e5-385c2d8b0dcf,Kalen DeBoer,Kalen,DeBoer,Head Coach,e0179560-affe-11ee-8afe-79eb599093df,Jeremiah Beaman,92,Jeremiah,Beaman,J.Beaman,314,76,DL,"Birmingham, AL, USA",ACT,FR,
19775492-f1eb-4bc5-9e15-078ebd689c0f,Crimson Tide,Alabama,ALA,1820,Big Al,Yea Alabama,18,30,8,19775492-f1eb-4bc5-9e15-078ebd689c0f,Crimson Tide,3e133141-8ce3-4e3f-a6c3-72d31f9f1401,Bryant-Denny Stadium,Tuscaloosa,AL,USA,35401,920 Paul West Bryant Drive,101821,turf,outdoor,sr:venue:21438,33.2083,-87.5504,43d3cede-6b8f-4158-bc7f-c3c7365e5b32,I-A,FBS,c7a491c8-d0f2-4ca1-9403-f82db4452dd1,Southeastern,SEC,5c1a8421-6061-4372-b4e5-385c2d8b0dcf,Kalen DeBoer,Kalen,DeBoer,Head Coach,e14eaaf0-8e80-11ec-8d02-85ead82574a9,Germie Bernard,5,Germie,Bernard,G.Bernard,204,73,WR,"Las Vegas, NV, USA",ACT,SR,
19775492-f1eb-4bc5-9e15-078ebd689c0f,Crimson Tide,Alabama,ALA,1820,Big Al,Yea Alabama,18,30,8,19775492-f1eb-4bc5-9e15-078ebd689c0f,Crimson Tide,3e133141-8ce3-4e3f-a6c3-72d31f9f1401,Bryant-Denny Stadium,Tuscaloosa,AL,USA,35401,920 Paul West Bryant Drive,101821,turf,outdoor,sr:venue:21438,33.2083,-87.5504,43d3cede-6b8f-4158-bc7f-c3c7365e5b32,I-A,FBS,c7a491c8-d0f2-4ca1-9403-f82db4452dd1,Southeastern,SEC,5c1a8421-6061-4372-b4e5-385c2d8b0dcf,Kalen DeBoer,Kalen,DeBoer,Head Coach,e2e03f10-8e8e-11ec-8d02-85ead82574a9,Ty Simpson,15,Ty,Simpson,T.Simpson,208,74,QB,"Martin, TN, USA",ACT,JR,
19775492-f1eb-4bc5-9e15-078ebd689c0f,Crimson Tide,Alabama,ALA,1820,Big Al,Yea Alabama,18,30,8,19775492-f1eb-4bc5-9e15-078ebd689c0f,Crimson Tide,3e133141-8ce3-4e3f-a6c3-72d31f9f1401,Bryant-Denny Stadium,Tuscaloosa,AL,USA,35401,920 Paul West Bryant Drive,101821,turf,outdoor,sr:venue:21438,33.2083,-87.5504,43d3cede-6b8f-4158-bc7f-c3c7365e5b32,I-A,FBS,c7a491c8-d0f2-4ca1-9403-f82db4452dd1,Southeastern,SEC,5c1a8421-6061-4372-b4e5-385c2d8b0dcf,Kalen DeBoer,Kalen,DeBoer,Head Coach,e2ee1550-affb-11ee-8afe-79eb599093df,Kevin Riley,28,Kevin,Riley,K.Riley,191,71,RB,"Northport, AL, USA",ACT,FR,
19775492-f1eb-4bc5-9e15-078ebd689c0f,Crimson Tide,Alabama,ALA,1820,Big Al,Yea Alabama,18,30,8,19775492-f1eb-4bc5-9e15-078ebd689c0f,Crimson Tide,3e133141-8ce3-4e3f-a6c3-72d31f9f1401,Bryant-Denny Stadium,Tuscaloosa,AL,USA,35401,920 Paul West Bryant Drive,101821,turf,outdoor,sr:venue:21438,33.2083,-87.5504,43d3cede-6b8f-4158-bc7f-c3c7365e5b32,I-A,FBS,c7a491c8-d0f2-4ca1-9403-f82db4452dd1,Southeastern,SEC,5c1a8421-6061-4372-b4e5-385c2d8b0dcf,Kalen DeBoer,Kalen,DeBoer,Head Coach,e8c53b86-da62-43ce-be56-2050258bea88,Nikhai Hill-Green,41,Nikhai,Hill-Green,N.Hill-Green,235,74,LB,"Pittsburgh, PA, USA",ACT,GR,
19775492-f1eb-4bc5-9e15-078ebd689c0f,Crimson Tide,Alabama,ALA,1820,Big Al,Yea Alabama,18,30,8,19775492-f1eb-4bc5-9e15-078ebd689c0f,Crimson Tide,3e133141-8ce3-4e3f-a6c3-72d31f9f1401,Bryant-Denny Stadium,Tuscaloosa,AL,USA,35401,920 Paul West Bryant Drive,101821,turf,outdoor,sr:venue:21438,33.2083,-87.5504,43d3cede-6b8f-4158-bc7f-c3c7365e5b32,I-A,FBS,c7a491c8-d0f2-4ca1-9403-f82db4452dd1,Southeastern,SEC,5c1a8421-6061-4372-b4e5-385c2d8b0dcf,Kalen DeBoer,Kalen,DeBoer,Head Coach,ebcf6330-391c-11f0-a1d0-8b60e36ac633,Luke Metz,26,Luke,Metz,L.Metz,230,75,LB,"Hoschton, GA, USA",ACT,FR,
19775492-f1eb-4bc5-9e15-078ebd689c0f,Crimson Tide,Alabama,ALA,1820,Big Al,Yea Alabama,18,30,8,19775492-f1eb-4bc5-9e15-078ebd689c0f,Crimson Tide,3e133141-8ce3-4e3f-a6c3-72d31f9f1401,Bryant-Denny Stadium,Tuscaloosa,AL,USA,35401,920 Paul West Bryant Drive,101821,turf,outdoor,sr:venue:21438,33.2083,-87.5504,43d3cede-6b8f-4158-bc7f-c3c7365e5b32,I-A,FBS,c7a491c8-d0f2-4ca1-9403-f82db4452dd1,Southeastern,SEC,5c1a8421-6061-4372-b4e5-385c2d8b0dcf,Kalen DeBoer,Kalen,DeBoer,Head Coach,ed460090-1415-11ed-99ab-175543659a4f,LT Overton,22,LT,Overton,L.Overton,278,77,DL,"Milton, GA, USA",ACT,SR,
19775492-f1eb-4bc5-9e15-078ebd689c0f,Crimson Tide,Alabama,ALA,1820,Big Al,Yea Alabama,18,30,8,19775492-f1eb-4bc5-9e15-078ebd689c0f,Crimson Tide,3e133141-8ce3-4e3f-a6c3-72d31f9f1401,Bryant-Denny Stadium,Tuscaloosa,AL,USA,35401,920 Paul West Bryant Drive,101821,turf,outdoor,sr:venue:21438,33.2083,-87.5504,43d3cede-6b8f-4158-bc7f-c3c7365e5b32,I-A,FBS,c7a491c8-d0f2-4ca1-9403-f82db4452dd1,Southeastern,SEC,5c1a8421-6061-4372-b4e5-385c2d8b0dcf,Kalen DeBoer,Kalen,DeBoer,Head Coach,ee736f60-9c51-11ed-9b81-9b68194c9dc2,Wilkin Formby,75,Wilkin,Formby,W.Formby,324,79,OL,"Tuscaloosa, AL, USA",ACT,SO,
19775492-f1eb-4bc5-9e15-078ebd689c0f,Crimson Tide,Alabama,ALA,1820,Big Al,Yea Alabama,18,30,8,19775492-f1eb-4bc5-9e15-078ebd689c0f,Crimson Tide,3e133141-8ce3-4e3f-a6c3-72d31f9f1401,Bryant-Denny Stadium,Tuscaloosa,AL,USA,35401,920 Paul West Bryant Drive,101821,turf,outdoor,sr:venue:21438,33.2083,-87.5504,43d3cede-6b8f-4158-bc7f-c3c7365e5b32,I-A,FBS,c7a491c8-d0f2-4ca1-9403-f82db4452dd1,Southeastern,SEC,5c1a8421-6061-4372-b4e5-385c2d8b0dcf,Kalen DeBoer,Kalen,DeBoer,Head Coach,ee94e140-391b-11f0-8912-758d290fcfca,Duke Johnson II,15,Duke,Johnson,D.Johnson,225,73,LB,"Eastman, GA, USA",ACT,FR,II
19775492-f1eb-4bc5-9e15-078ebd689c0f,Crimson Tide,Alabama,ALA,1820,Big Al,Yea Alabama,18,30,8,19775492-f1eb-4bc5-9e15-078ebd689c0f,Crimson Tide,3e133141-8ce3-4e3f-a6c3-72d31f9f1401,Bryant-Denny Stadium,Tuscaloosa,AL,USA,35401,920 Paul West Bryant Drive,101821,turf,outdoor,sr:venue:21438,33.2083,-87.5504,43d3cede-6b8f-4158-bc7f-c3c7365e5b32,I-A,FBS,c7a491c8-d0f2-4ca1-9403-f82db4452dd1,Southeastern,SEC,5c1a8421-6061-4372-b4e5-385c2d8b0dcf,Kalen DeBoer,Kalen,DeBoer,Head Coach,f00f9217-a470-4ef2-aa47-4213da57d689,Graham Roten,61,Graham,Roten,G.Roten,295,75,OL,"Nashville, TN, USA",ACT,SR,
19775492-f1eb-4bc5-9e15-078ebd689c0f,Crimson Tide,Alabama,ALA,1820,Big Al,Yea Alabama,18,30,8,19775492-f1eb-4bc5-9e15-078ebd689c0f,Crimson Tide,3e133141-8ce3-4e3f-a6c3-72d31f9f1401,Bryant-Denny Stadium,Tuscaloosa,AL,USA,35401,920 Paul West Bryant Drive,101821,turf,outdoor,sr:venue:21438,33.2083,-87.5504,43d3cede-6b8f-4158-bc7f-c3c7365e5b32,I-A,FBS,c7a491c8-d0f2-4ca1-9403-f82db4452dd1,Southeastern,SEC,5c1a8421-6061-4372-b4e5-385c2d8b0dcf,Kalen DeBoer,Kalen,DeBoer,Head Coach,f070cec0-a651-11ed-8186-3f56d8db30c9,Kelby Collins,17,Kelby,Collins,K.Collins,275,76,DL,"Gardendale, AL, USA",ACT,JR,
19775492-f1eb-4bc5-9e15-078ebd689c0f,Crimson Tide,Alabama,ALA,1820,Big Al,Yea Alabama,18,30,8,19775492-f1eb-4bc5-9e15-078ebd689c0f,Crimson Tide,3e133141-8ce3-4e3f-a6c3-72d31f9f1401,Bryant-Denny Stadium,Tuscaloosa,AL,USA,35401,920 Paul West Bryant Drive,101821,turf,outdoor,sr:venue:21438,33.2083,-87.5504,43d3cede-6b8f-4158-bc7f-c3c7365e5b32,I-A,FBS,c7a491c8-d0f2-4ca1-9403-f82db4452dd1,Southeastern,SEC,5c1a8421-6061-4372-b4e5-385c2d8b0dcf,Kalen DeBoer,Kalen,DeBoer,Head Coach,f283d540-9c56-11ed-8980-13b49451ee41,Olaus Alinen,73,Olaus,Alinen,O.Alinen,322,78,OL,"Pori,, FIN",ACT,SO,
19775492-f1eb-4bc5-9e15-078ebd689c0f,Crimson Tide,Alabama,ALA,1820,Big Al,Yea Alabama,18,30,8,19775492-f1eb-4bc5-9e15-078ebd689c0f,Crimson Tide,3e133141-8ce3-4e3f-a6c3-72d31f9f1401,Bryant-Denny Stadium,Tuscaloosa,AL,USA,35401,920 Paul West Bryant Drive,101821,turf,outdoor,sr:venue:21438,33.2083,-87.5504,43d3cede-6b8f-4158-bc7f-c3c7365e5b32,I-A,FBS,c7a491c8-d0f2-4ca1-9403-f82db4452dd1,Southeastern,SEC,5c1a8421-6061-4372-b4e5-385c2d8b0dcf,Kalen DeBoer,Kalen,DeBoer,Head Coach,f597a130-5357-11ef-ba9c-bd6ef17b0ba8,Cole Davis,37,Cole,Davis,C.Davis,195,72,DB,"Walterboro, SC, USA",ACT,SO,
19775492-f1eb-4bc5-9e15-078ebd689c0f,Crimson Tide,Alabama,ALA,1820,Big Al,Yea Alabama,18,30,8,19775492-f1eb-4bc5-9e15-078ebd689c0f,Crimson Tide,3e133141-8ce3-4e3f-a6c3-72d31f9f1401,Bryant-Denny Stadium,Tuscaloosa,AL,USA,35401,920 Paul West Bryant Drive,101821,turf,outdoor,sr:venue:21438,33.2083,-87.5504,43d3cede-6b8f-4158-bc7f-c3c7365e5b32,I-A,FBS,c7a491c8-d0f2-4ca1-9403-f82db4452dd1,Southeastern,SEC,5c1a8421-6061-4372-b4e5-385c2d8b0dcf,Kalen DeBoer,Kalen,DeBoer,Head Coach,f9817d30-8a81-11ec-9b75-81689e0737c4,Keon Sabb,3,Keon,Sabb,K.Sabb,204,73,DB,"Glassboro, NJ, USA",ACT,JR,
19775492-f1eb-4bc5-9e15-078ebd689c0f,Crimson Tide,Alabama,ALA,1820,Big Al,Yea Alabama,18,30,8,19775492-f1eb-4bc5-9e15-078ebd689c0f,Crimson Tide,3e133141-8ce3-4e3f-a6c3-72d31f9f1401,Bryant-Denny Stadium,Tuscaloosa,AL,USA,35401,920 Paul West Bryant Drive,101821,turf,outdoor,sr:venue:21438,33.2083,-87.5504,43d3cede-6b8f-4158-bc7f-c3c7365e5b32,I-A,FBS,c7a491c8-d0f2-4ca1-9403-f82db4452dd1,Southeastern,SEC,5c1a8421-6061-4372-b4e5-385c2d8b0dcf,Kalen DeBoer,Kalen,DeBoer,Head Coach,fbce108b-5c75-480d-80d7-5a5555145929,Geno VanDeMark,56,Geno,VanDeMark,G.VanDeMark,326,77,OL,"Lodi, NJ, USA",ACT,SR,
19775492-f1eb-4bc5-9e15-078ebd689c0f,Crimson Tide,Alabama,ALA,1820,Big Al,Yea Alabama,18,30,8,19775492-f1eb-4bc5-9e15-078ebd689c0f,Crimson Tide,3e133141-8ce3-4e3f-a6c3-72d31f9f1401,Bryant-Denny Stadium,Tuscaloosa,AL,USA,35401,920 Paul West Bryant Drive,101821,turf,outdoor,sr:venue:21438,33.2083,-87.5504,43d3cede-6b8f-4158-bc7f-c3c7365e5b32,I-A,FBS,c7a491c8-d0f2-4ca1-9403-f82db4452dd1,Southeastern,SEC,5c1a8421-6061-4372-b4e5-385c2d8b0dcf,Kalen DeBoer,Kalen,DeBoer,Head Coach,fc100e20-3921-11f0-a4d1-29b0f9a0c834,Jessie Washington III,34,Jessie,Washington,J.Washington,205,69,RB,"Milledgeville, GA, USA",ACT,JR,III
19775492-f1eb-4bc5-9e15-078ebd689c0f,Crimson Tide,Alabama,ALA,1820,Big Al,Yea Alabama,18,30,8,19775492-f1eb-4bc5-9e15-078ebd689c0f,Crimson Tide,3e133141-8ce3-4e3f-a6c3-72d31f9f1401,Bryant-Denny Stadium,Tuscaloosa,AL,USA,35401,920 Paul West Bryant Drive,101821,turf,outdoor,sr:venue:21438,33.2083,-87.5504,43d3cede-6b8f-4158-bc7f-c3c7365e5b32,I-A,FBS,c7a491c8-d0f2-4ca1-9403-f82db4452dd1,Southeastern,SEC,5c1a8421-6061-4372-b4e5-385c2d8b0dcf,Kalen DeBoer,Kalen,DeBoer,Head Coach,fd3a8160-9c50-11ed-9b81-9b68194c9dc2,James Smith,23,James,Smith,J.Smith,297,75,DL,"Montgomery, AL, USA",ACT,JR,
19775492-f1eb-4bc5-9e15-078ebd689c0f,Crimson Tide,Alabama,ALA,1820,Big Al,Yea Alabama,18,30,8,19775492-f1eb-4bc5-9e15-078ebd689c0f,Crimson Tide,3e133141-8ce3-4e3f-a6c3-72d31f9f1401,Bryant-Denny Stadium,Tuscaloosa,AL,USA,35401,920 Paul West Bryant Drive,101821,turf,outdoor,sr:venue:21438,33.2083,-87.5504,43d3cede-6b8f-4158-bc7f-c3c7365e5b32,I-A,FBS,c7a491c8-d0f2-4ca1-9403-f82db4452dd1,Southeastern,SEC,5c1a8421-6061-4372-b4e5-385c2d8b0dcf,Kalen DeBoer,Kalen,DeBoer,Head Coach,fffdc740-391a-11f0-b344-93e2202de61e,AK Dear,0,AK,Dear,A.Dear,212,73,RB,"Quitman, MS, USA",ACT,FR,
